SEND_TIME,TAGS_INCLUDED,TAGS_EXCLUDED,MESSAGE,HAS_LINK,SUBSCRIPTIONS_TARGETED,VIEWS,CLICKS,CLICKTHROUGH_RATE,ETL_RECORD_UPDATED
"May 9, 2024 8:26:39 PM",SEND2 I:END_QUARTER  IO:OR EO:OR,,"NYL 65 @ CON 59 - END 3RD
S Ionescu (NYL): 15 PTS, 6 REB, 2 AST
R Banham (CON): 17 PTS, 1 REB",yes,2065,28,28,1.00,2024-06-07 09:05:20.000 Z
"May 9, 2024 9:05:47 PM",SEND2 I:END_QUARTER  IO:OR EO:OR,,"NYL 82 @ CON 79 - FINAL
S Ionescu (NYL): 15 PTS, 6 REB, 2 AST
R Banham (CON): 20 PTS, 1 REB, 1 AST",yes,2016,2,2,1.00,2024-06-07 09:05:20.000 Z
"May 9, 2024 8:26:39 PM",SEND2 I:END_QUARTER  IO:OR EO:OR,,"NYL 65 @ CON 59 - END 3RD
S Ionescu (NYL): 15 PTS, 6 REB, 2 AST
R Banham (CON): 17 PTS, 1 REB",yes,2065,14,14,1.00,2024-06-07 09:05:20.000 Z
"May 9, 2024 9:05:47 PM",SEND2 I:END_QUARTER  IO:OR EO:OR,,"NYL 82 @ CON 79 - FINAL
S Ionescu (NYL): 15 PTS, 6 REB, 2 AST
R Banham (CON): 20 PTS, 1 REB, 1 AST",yes,2016,27,27,1.00,2024-06-07 09:05:20.000 Z
"May 9, 2024 9:05:47 PM",SEND2 I:END_QUARTER  IO:OR EO:OR,,"NYL 82 @ CON 79 - FINAL
S Ionescu (NYL): 15 PTS, 6 REB, 2 AST
R Banham (CON): 20 PTS, 1 REB, 1 AST",yes,2016,2,2,1.00,2024-06-07 09:05:20.000 Z
"May 9, 2024 8:26:39 PM",SEND2 I:END_QUARTER  IO:OR EO:OR,,"NYL 65 @ CON 59 - END 3RD
S Ionescu (NYL): 15 PTS, 6 REB, 2 AST
R Banham (CON): 17 PTS, 1 REB",yes,2065,2,2,1.00,2024-06-07 09:05:20.000 Z
"May 9, 2024 9:05:47 PM",SEND2 I:END_QUARTER  IO:OR EO:OR,,"NYL 82 @ CON 79 - FINAL
S Ionescu (NYL): 15 PTS, 6 REB, 2 AST
R Banham (CON): 20 PTS, 1 REB, 1 AST",yes,2016,1,1,1.00,2024-06-07 09:05:20.000 Z
"May 14, 2024 7:35:31 PM",SEND2 I:START_GAME  IO:OR EO:OR,,"IND @ CON - START
Tune in to Disney+, ESPN+, ESPN2, WNBA League Pass to watch live!",yes,2263,53,53,1.00,2024-06-07 09:05:20.000 Z
"May 14, 2024 7:58:51 PM",SEND2 I:END_QUARTER  IO:OR EO:OR,,"IND 13 @ CON 19 - END 1ST
N Smith (IND): 7 PTS, 3 REB
T Harris (CON): 9 PTS, 1 AST",yes,2149,51,51,1.00,2024-06-07 09:05:20.000 Z
"May 14, 2024 8:30:48 PM",SEND2 I:END_QUARTER  IO:OR EO:OR,,"IND 39 @ CON 49 - HALF
N Smith (IND): 11 PTS, 5 REB, 1 AST
D Carrington (CON): 14 PTS, 3 REB, 1 AST",yes,2154,52,52,1.00,2024-06-07 09:05:20.000 Z
"May 14, 2024 9:12:21 PM",SEND2 I:END_QUARTER  IO:OR EO:OR,,"IND 57 @ CON 64 - END 3RD
N Smith (IND): 13 PTS, 9 REB, 1 AST
D Bonner (CON): 16 PTS, 5 REB, 1 AST",yes,2164,44,44,1.00,2024-06-07 09:05:20.000 Z
"May 14, 2024 9:42:09 PM",SEND2 I:END_QUARTER  IO:OR EO:OR,,"IND 71 @ CON 92 - FINAL
C Clark (IND): 20 PTS, 3 AST
D Bonner (CON): 20 PTS, 6 REB, 1 AST",yes,2160,42,42,1.00,2024-06-07 09:05:20.000 Z
"May 14, 2024 9:42:09 PM",SEND2 I:END_GAME  IO:OR EO:OR,,"IND 71 @ CON 92 - FINAL
C Clark (IND): 20 PTS, 3 AST
D Bonner (CON): 20 PTS, 6 REB, 1 AST",yes,167,3,3,1.00,2024-06-07 09:05:20.000 Z
"May 14, 2024 7:35:31 PM",SEND2 I:START_GAME  IO:OR EO:OR,,"IND @ CON - START
Tune in to Disney+, ESPN+, ESPN2, WNBA League Pass to watch live!",yes,2263,1,1,1.00,2024-06-07 09:05:20.000 Z
"May 14, 2024 7:58:51 PM",SEND2 I:END_QUARTER  IO:OR EO:OR,,"IND 13 @ CON 19 - END 1ST
N Smith (IND): 7 PTS, 3 REB
T Harris (CON): 9 PTS, 1 AST",yes,2149,1,1,1.00,2024-06-07 09:05:20.000 Z
"May 14, 2024 8:30:48 PM",SEND2 I:END_QUARTER  IO:OR EO:OR,,"IND 39 @ CON 49 - HALF
N Smith (IND): 11 PTS, 5 REB, 1 AST
D Carrington (CON): 14 PTS, 3 REB, 1 AST",yes,2154,1,1,1.00,2024-06-07 09:05:20.000 Z
"May 14, 2024 9:12:21 PM",SEND2 I:END_QUARTER  IO:OR EO:OR,,"IND 57 @ CON 64 - END 3RD
N Smith (IND): 13 PTS, 9 REB, 1 AST
D Bonner (CON): 16 PTS, 5 REB, 1 AST",yes,2164,1,1,1.00,2024-06-07 09:05:20.000 Z
"May 14, 2024 9:42:09 PM",SEND2 I:END_QUARTER  IO:OR EO:OR,,"IND 71 @ CON 92 - FINAL
C Clark (IND): 20 PTS, 3 AST
D Bonner (CON): 20 PTS, 6 REB, 1 AST",yes,2160,8,8,1.00,2024-06-07 09:05:20.000 Z
"May 17, 2024 7:33:32 PM",SEND2 I:START_GAME  IO:OR EO:OR,,"WAS @ CON - START
Tune in to ION, WNBA League Pass to watch live!",yes,2341,45,45,1.00,2024-06-07 09:05:20.000 Z
"May 17, 2024 7:56:37 PM",SEND2 I:END_QUARTER  IO:OR EO:OR,,"WAS 20 @ CON 18 - END 1ST
K Samuelson (WAS): 8 PTS, 3 AST
M Jefferson (CON): 5 PTS, 1 AST",yes,2235,71,71,1.00,2024-06-07 09:05:20.000 Z
"May 17, 2024 8:28:07 PM",SEND2 I:END_QUARTER  IO:OR EO:OR,,"WAS 36 @ CON 36 - HALF
K Samuelson (WAS): 14 PTS, 3 AST
D Carrington (CON): 10 PTS, 4 REB, 2 AST",yes,2240,48,48,1.00,2024-06-07 09:05:20.000 Z
"May 17, 2024 9:08:08 PM",SEND2 I:END_QUARTER  IO:OR EO:OR,,"WAS 56 @ CON 52 - END 3RD
K Samuelson (WAS): 16 PTS, 2 REB, 4 AST
D Carrington (CON): 16 PTS, 4 REB, 2 AST",yes,2240,42,42,1.00,2024-06-07 09:05:20.000 Z
"May 17, 2024 9:42:43 PM",SEND2 I:END_GAME  IO:OR EO:OR,,"WAS 77 @ CON 84 - FINAL
K Samuelson (WAS): 18 PTS, 3 REB, 4 AST
D Bonner (CON): 22 PTS, 6 REB, 1 AST",yes,172,2,2,1.00,2024-06-07 09:05:20.000 Z
"May 17, 2024 9:42:43 PM",SEND2 I:END_QUARTER  IO:OR EO:OR,,"WAS 77 @ CON 84 - FINAL
K Samuelson (WAS): 18 PTS, 3 REB, 4 AST
D Bonner (CON): 22 PTS, 6 REB, 1 AST",yes,2240,57,57,1.00,2024-06-07 09:05:20.000 Z
"May 17, 2024 9:08:08 PM",SEND2 I:END_QUARTER  IO:OR EO:OR,,"WAS 56 @ CON 52 - END 3RD
K Samuelson (WAS): 16 PTS, 2 REB, 4 AST
D Carrington (CON): 16 PTS, 4 REB, 2 AST",yes,2240,1,1,1.00,2024-06-07 09:05:20.000 Z
"May 17, 2024 9:42:43 PM",SEND2 I:END_GAME  IO:OR EO:OR,,"WAS 77 @ CON 84 - FINAL
K Samuelson (WAS): 18 PTS, 3 REB, 4 AST
D Bonner (CON): 22 PTS, 6 REB, 1 AST",yes,172,1,1,1.00,2024-06-07 09:05:20.000 Z
"May 17, 2024 9:42:43 PM",SEND2 I:END_QUARTER  IO:OR EO:OR,,"WAS 77 @ CON 84 - FINAL
K Samuelson (WAS): 18 PTS, 3 REB, 4 AST
D Bonner (CON): 22 PTS, 6 REB, 1 AST",yes,2240,6,6,1.00,2024-06-07 09:05:20.000 Z
"May 17, 2024 9:42:43 PM",SEND2 I:END_QUARTER  IO:OR EO:OR,,"WAS 77 @ CON 84 - FINAL
K Samuelson (WAS): 18 PTS, 3 REB, 4 AST
D Bonner (CON): 22 PTS, 6 REB, 1 AST",yes,2240,1,1,1.00,2024-06-07 09:05:20.000 Z
"May 20, 2024 7:02:49 PM",SEND2 I:START_GAME  IO:OR EO:OR,,"CON @ IND - START
Tune in to ESPN, WNBA League Pass to watch live!",yes,2397,66,66,1.00,2024-06-07 09:05:20.000 Z
"May 20, 2024 7:23:54 PM",SEND2 I:END_QUARTER  IO:OR EO:OR,,"CON 26 @ IND 26 - END 1ST
A Thomas (CON): 11 PTS, 6 REB, 1 AST
C Clark (IND): 8 PTS, 1 REB",yes,2285,51,51,1.00,2024-06-07 09:05:20.000 Z
"May 20, 2024 7:53:59 PM",SEND2 I:END_QUARTER  IO:OR EO:OR,,"CON 41 @ IND 44 - HALF
A Thomas (CON): 14 PTS, 9 REB, 3 AST
K Mitchell (IND): 12 PTS, 3 AST",yes,2282,79,79,1.00,2024-06-07 09:05:20.000 Z
"May 20, 2024 8:33:01 PM",SEND2 I:END_QUARTER  IO:OR EO:OR,,"CON 64 @ IND 61 - END 3RD
A Thomas (CON): 20 PTS, 12 REB, 7 AST
K Mitchell (IND): 15 PTS, 4 AST",yes,2283,61,61,1.00,2024-06-07 09:05:20.000 Z
"May 20, 2024 9:14:05 PM",SEND2 I:END_QUARTER  IO:OR EO:OR,,"CON 88 @ IND 84 - FINAL
A Thomas (CON): 24 PTS, 14 REB, 9 AST
C Clark (IND): 17 PTS, 3 REB, 5 AST",yes,2285,68,68,1.00,2024-06-07 09:05:20.000 Z
"May 20, 2024 9:14:05 PM",SEND2 I:END_GAME  IO:OR EO:OR,,"CON 88 @ IND 84 - FINAL
A Thomas (CON): 24 PTS, 14 REB, 9 AST
C Clark (IND): 17 PTS, 3 REB, 5 AST",yes,179,3,3,1.00,2024-06-07 09:05:20.000 Z
"May 20, 2024 8:33:01 PM",SEND2 I:END_QUARTER  IO:OR EO:OR,,"CON 64 @ IND 61 - END 3RD
A Thomas (CON): 20 PTS, 12 REB, 7 AST
K Mitchell (IND): 15 PTS, 4 AST",yes,2283,8,8,1.00,2024-06-07 09:05:20.000 Z
"May 20, 2024 9:14:05 PM",SEND2 I:END_QUARTER  IO:OR EO:OR,,"CON 88 @ IND 84 - FINAL
A Thomas (CON): 24 PTS, 14 REB, 9 AST
C Clark (IND): 17 PTS, 3 REB, 5 AST",yes,2285,63,63,1.00,2024-06-07 09:05:20.000 Z
"May 20, 2024 9:14:05 PM",SEND2 I:END_GAME  IO:OR EO:OR,,"CON 88 @ IND 84 - FINAL
A Thomas (CON): 24 PTS, 14 REB, 9 AST
C Clark (IND): 17 PTS, 3 REB, 5 AST",yes,179,4,4,1.00,2024-06-07 09:05:20.000 Z
"May 20, 2024 9:14:05 PM",SEND2 I:END_QUARTER  IO:OR EO:OR,,"CON 88 @ IND 84 - FINAL
A Thomas (CON): 24 PTS, 14 REB, 9 AST
C Clark (IND): 17 PTS, 3 REB, 5 AST",yes,2285,3,3,1.00,2024-06-07 09:05:20.000 Z
"May 23, 2024 7:03:11 PM",SEND2 I:START_GAME  IO:OR EO:OR,,"MIN @ CON - START
Tune in to NBC Sports Boston to watch live!",yes,2451,74,74,1.00,2024-06-07 09:05:20.000 Z
"May 23, 2024 7:21:20 PM",SEND2 I:END_QUARTER  IO:OR EO:OR,,"MIN 23 @ CON 14 - END 1ST
N Collier (MIN): 9 PTS, 2 REB
A Thomas (CON): 5 PTS",yes,2337,52,52,1.00,2024-06-07 09:05:20.000 Z
"May 23, 2024 7:48:48 PM",SEND2 I:END_QUARTER  IO:OR EO:OR,,"MIN 35 @ CON 37 - HALF
N Collier (MIN): 14 PTS, 5 REB, 1 AST
B Jones (CON): 11 PTS, 2 REB, 2 AST",yes,2342,41,41,1.00,2024-06-07 09:05:20.000 Z
"May 23, 2024 8:33:35 PM",SEND2 I:END_QUARTER  IO:OR EO:OR,,"MIN 51 @ CON 52 - END 3RD
N Collier (MIN): 20 PTS, 8 REB, 3 AST
D Bonner (CON): 13 PTS, 3 REB, 2 AST",yes,2346,44,44,1.00,2024-06-07 09:05:20.000 Z
"May 23, 2024 9:10:32 PM",SEND2 I:END_QUARTER  IO:OR EO:OR,,"MIN 72 @ CON 72 - END 4TH
N Collier (MIN): 28 PTS, 9 REB, 4 AST
D Bonner (CON): 18 PTS, 3 REB, 2 AST",yes,2349,55,55,1.00,2024-06-07 09:05:20.000 Z
"May 23, 2024 9:35:34 PM",SEND2 I:END_GAME  IO:OR EO:OR,,"MIN 82 @ CON 83 - FINAL/OT
N Collier (MIN): 31 PTS, 11 REB, 4 AST
D Bonner (CON): 20 PTS, 3 REB, 2 AST",yes,182,3,3,1.00,2024-06-07 09:05:20.000 Z
"May 23, 2024 9:35:34 PM",SEND2 I:END_QUARTER  IO:OR EO:OR,,"MIN 82 @ CON 83 - FINAL/OT
N Collier (MIN): 31 PTS, 11 REB, 4 AST
D Bonner (CON): 20 PTS, 3 REB, 2 AST",yes,2349,51,51,1.00,2024-06-07 09:05:20.000 Z
"May 23, 2024 9:35:34 PM",SEND2 I:END_QUARTER  IO:OR EO:OR,,"MIN 82 @ CON 83 - FINAL/OT
N Collier (MIN): 31 PTS, 11 REB, 4 AST
D Bonner (CON): 20 PTS, 3 REB, 2 AST",yes,2349,4,4,1.00,2024-06-07 09:05:20.000 Z
"May 23, 2024 9:35:34 PM",SEND2 I:END_QUARTER  IO:OR EO:OR,,"MIN 82 @ CON 83 - FINAL/OT
N Collier (MIN): 31 PTS, 11 REB, 4 AST
D Bonner (CON): 20 PTS, 3 REB, 2 AST",yes,2349,1,1,1.00,2024-06-07 09:05:20.000 Z
"May 25, 2024 8:03:00 PM",SEND2 I:START_GAME  IO:OR EO:OR,,"CON @ CHI - START
Tune in to NBC Sports Boston to watch live!",yes,2495,70,70,1.00,2024-06-07 09:05:20.000 Z
"May 25, 2024 8:21:36 PM",SEND2 I:END_QUARTER  IO:OR EO:OR,,"CON 23 @ CHI 24 - END 1ST
A Thomas (CON): 8 PTS, 3 REB, 3 AST
A Reese (CHI): 6 PTS, 2 REB",yes,2374,53,53,1.00,2024-06-07 09:05:20.000 Z
"May 25, 2024 8:55:08 PM",SEND2 I:END_QUARTER  IO:OR EO:OR,,"CON 42 @ CHI 50 - HALF
D Carrington (CON): 10 PTS, 4 REB, 1 AST
A Reese (CHI): 10 PTS, 2 REB, 1 AST",yes,2376,51,51,1.00,2024-06-07 09:05:20.000 Z
"May 25, 2024 9:33:15 PM",SEND2 I:END_QUARTER  IO:OR EO:OR,,"CON 69 @ CHI 67 - END 3RD
D Carrington (CON): 15 PTS, 6 REB, 1 AST
M Mabrey (CHI): 18 PTS, 4 REB, 1 AST",yes,2376,54,53,0.98,2024-06-07 09:05:20.000 Z
"May 25, 2024 10:18:22 PM",SEND2 I:END_GAME  IO:OR EO:OR,,"CON 86 @ CHI 82 - FINAL
D Bonner (CON): 19 PTS, 8 REB, 3 AST
M Mabrey (CHI): 23 PTS, 5 REB, 4 AST",yes,189,6,6,1.00,2024-06-07 09:05:20.000 Z
"May 25, 2024 10:18:22 PM",SEND2 I:END_QUARTER  IO:OR EO:OR,,"CON 86 @ CHI 82 - FINAL
D Bonner (CON): 19 PTS, 8 REB, 3 AST
M Mabrey (CHI): 23 PTS, 5 REB, 4 AST",yes,2376,61,61,1.00,2024-06-07 09:05:20.000 Z
"May 25, 2024 8:03:00 PM",SEND2 I:START_GAME  IO:OR EO:OR,,"CON @ CHI - START
Tune in to NBC Sports Boston to watch live!",yes,2495,1,1,1.00,2024-06-07 09:05:20.000 Z
"May 25, 2024 8:21:36 PM",SEND2 I:END_QUARTER  IO:OR EO:OR,,"CON 23 @ CHI 24 - END 1ST
A Thomas (CON): 8 PTS, 3 REB, 3 AST
A Reese (CHI): 6 PTS, 2 REB",yes,2374,1,1,1.00,2024-06-07 09:05:20.000 Z
"May 25, 2024 8:55:08 PM",SEND2 I:END_QUARTER  IO:OR EO:OR,,"CON 42 @ CHI 50 - HALF
D Carrington (CON): 10 PTS, 4 REB, 1 AST
A Reese (CHI): 10 PTS, 2 REB, 1 AST",yes,2376,1,1,1.00,2024-06-07 09:05:20.000 Z
"May 25, 2024 9:33:15 PM",SEND2 I:END_QUARTER  IO:OR EO:OR,,"CON 69 @ CHI 67 - END 3RD
D Carrington (CON): 15 PTS, 6 REB, 1 AST
M Mabrey (CHI): 18 PTS, 4 REB, 1 AST",yes,2376,5,5,1.00,2024-06-07 09:05:20.000 Z
"May 25, 2024 10:18:22 PM",SEND2 I:END_GAME  IO:OR EO:OR,,"CON 86 @ CHI 82 - FINAL
D Bonner (CON): 19 PTS, 8 REB, 3 AST
M Mabrey (CHI): 23 PTS, 5 REB, 4 AST",yes,189,2,2,1.00,2024-06-07 09:05:20.000 Z
"May 25, 2024 10:18:22 PM",SEND2 I:END_QUARTER  IO:OR EO:OR,,"CON 86 @ CHI 82 - FINAL
D Bonner (CON): 19 PTS, 8 REB, 3 AST
M Mabrey (CHI): 23 PTS, 5 REB, 4 AST",yes,2376,22,22,1.00,2024-06-07 09:05:20.000 Z
"May 25, 2024 8:21:36 PM",SEND2 I:END_QUARTER  IO:OR EO:OR,,"CON 23 @ CHI 24 - END 1ST
A Thomas (CON): 8 PTS, 3 REB, 3 AST
A Reese (CHI): 6 PTS, 2 REB",yes,2374,1,1,1.00,2024-06-07 09:05:20.000 Z
"May 25, 2024 8:55:08 PM",SEND2 I:END_QUARTER  IO:OR EO:OR,,"CON 42 @ CHI 50 - HALF
D Carrington (CON): 10 PTS, 4 REB, 1 AST
A Reese (CHI): 10 PTS, 2 REB, 1 AST",yes,2376,1,1,1.00,2024-06-07 09:05:20.000 Z
"May 25, 2024 9:33:15 PM",SEND2 I:END_QUARTER  IO:OR EO:OR,,"CON 69 @ CHI 67 - END 3RD
D Carrington (CON): 15 PTS, 6 REB, 1 AST
M Mabrey (CHI): 18 PTS, 4 REB, 1 AST",yes,2376,1,1,1.00,2024-06-07 09:05:20.000 Z
"May 25, 2024 10:18:22 PM",SEND2 I:END_QUARTER  IO:OR EO:OR,,"CON 86 @ CHI 82 - FINAL
D Bonner (CON): 19 PTS, 8 REB, 3 AST
M Mabrey (CHI): 23 PTS, 5 REB, 4 AST",yes,2376,1,1,1.00,2024-06-07 09:05:20.000 Z
"May 28, 2024 7:03:14 PM",SEND2 I:START_GAME  IO:OR EO:OR,,"PHO @ CON - START
Tune in to NBC Sports Boston to watch live!",yes,2538,50,50,1.00,2024-06-07 09:05:20.000 Z
"May 28, 2024 7:25:52 PM",SEND2 I:END_QUARTER  IO:OR EO:OR,,"PHO 13 @ CON 15 - END 1ST
N Cloud (PHO): 6 PTS, 1 REB
B Jones (CON): 6 PTS, 1 REB",yes,2415,42,42,1.00,2024-06-07 09:05:20.000 Z
"May 28, 2024 7:53:30 PM",SEND2 I:END_QUARTER  IO:OR EO:OR,,"PHO 25 @ CON 38 - HALF
N Cloud (PHO): 7 PTS, 2 REB, 3 AST
D Bonner (CON): 11 PTS, 2 REB, 2 AST",yes,2417,42,42,1.00,2024-06-07 09:05:20.000 Z
"May 28, 2024 8:30:31 PM",SEND2 I:END_QUARTER  IO:OR EO:OR,,"PHO 35 @ CON 53 - END 3RD
N Cloud (PHO): 9 PTS, 4 REB, 3 AST
B Jones (CON): 14 PTS, 4 REB",yes,2417,31,31,1.00,2024-06-07 09:05:20.000 Z
"May 28, 2024 8:59:40 PM",SEND2 I:END_GAME  IO:OR EO:OR,,"PHO 47 @ CON 70 - FINAL
N Cloud (PHO): 9 PTS, 4 REB, 3 AST
D Bonner (CON): 19 PTS, 3 REB, 3 AST",yes,191,3,3,1.00,2024-06-07 09:05:20.000 Z
"May 28, 2024 8:59:40 PM",SEND2 I:END_QUARTER  IO:OR EO:OR,,"PHO 47 @ CON 70 - FINAL
N Cloud (PHO): 9 PTS, 4 REB, 3 AST
D Bonner (CON): 19 PTS, 3 REB, 3 AST",yes,2417,50,50,1.00,2024-06-07 09:05:20.000 Z
"May 28, 2024 10:10:04 PM","SEND2 I:NEWS,START_GAME,END_QUARTER,END_GAME,TEAM_NEWS,NEWS E: IO:OR EO:OR",,Came to the game tonight? Tell us about your experience!,yes,2595,131,131,1.00,2024-06-07 09:05:20.000 Z
"May 28, 2024 7:53:30 PM",SEND2 I:END_QUARTER  IO:OR EO:OR,,"PHO 25 @ CON 38 - HALF
N Cloud (PHO): 7 PTS, 2 REB, 3 AST
D Bonner (CON): 11 PTS, 2 REB, 2 AST",yes,2417,2,2,1.00,2024-06-07 09:05:20.000 Z
"May 28, 2024 8:30:31 PM",SEND2 I:END_QUARTER  IO:OR EO:OR,,"PHO 35 @ CON 53 - END 3RD
N Cloud (PHO): 9 PTS, 4 REB, 3 AST
B Jones (CON): 14 PTS, 4 REB",yes,2417,1,1,1.00,2024-06-07 09:05:20.000 Z
"May 28, 2024 8:59:40 PM",SEND2 I:END_GAME  IO:OR EO:OR,,"PHO 47 @ CON 70 - FINAL
N Cloud (PHO): 9 PTS, 4 REB, 3 AST
D Bonner (CON): 19 PTS, 3 REB, 3 AST",yes,191,1,1,1.00,2024-06-07 09:05:20.000 Z
"May 28, 2024 8:59:40 PM",SEND2 I:END_QUARTER  IO:OR EO:OR,,"PHO 47 @ CON 70 - FINAL
N Cloud (PHO): 9 PTS, 4 REB, 3 AST
D Bonner (CON): 19 PTS, 3 REB, 3 AST",yes,2417,7,7,1.00,2024-06-07 09:05:20.000 Z
"May 28, 2024 10:10:04 PM","SEND2 I:NEWS,START_GAME,END_QUARTER,END_GAME,TEAM_NEWS,NEWS E: IO:OR EO:OR",,Came to the game tonight? Tell us about your experience!,yes,2595,36,36,1.00,2024-06-07 09:05:20.000 Z
"May 28, 2024 10:10:04 PM","SEND2 I:NEWS,START_GAME,END_QUARTER,END_GAME,TEAM_NEWS,NEWS E: IO:OR EO:OR",,Came to the game tonight? Tell us about your experience!,yes,2595,2,2,1.00,2024-06-07 09:05:20.000 Z
"May 28, 2024 10:10:04 PM","SEND2 I:NEWS,START_GAME,END_QUARTER,END_GAME,TEAM_NEWS,NEWS E: IO:OR EO:OR",,Came to the game tonight? Tell us about your experience!,yes,2595,1,1,1.00,2024-06-07 09:05:20.000 Z
"May 31, 2024 7:34:13 PM",SEND2 I:START_GAME  IO:OR EO:OR,,"DAL @ CON - START
Tune in to ION, WNBA League Pass to watch live!",yes,2597,44,44,1.00,2024-06-07 09:05:20.000 Z
"May 31, 2024 7:53:57 PM",SEND2 I:END_QUARTER  IO:OR EO:OR,,"DAL 21 @ CON 18 - END 1ST
T McCowan (DAL): 8 PTS, 3 REB, 1 AST
T Mitchell (CON): 5 PTS, 1 REB",yes,2465,35,35,1.00,2024-06-07 09:05:20.000 Z
"May 31, 2024 8:19:36 PM",SEND2 I:END_QUARTER  IO:OR EO:OR,,"DAL 34 @ CON 40 - HALF
A Ogunbowale (DAL): 11 PTS, 3 REB, 4 AST
B Jones (CON): 8 PTS, 1 REB, 1 AST",yes,2466,38,38,1.00,2024-06-07 09:05:20.000 Z
"May 31, 2024 8:54:19 PM",SEND2 I:END_QUARTER  IO:OR EO:OR,,"DAL 50 @ CON 59 - END 3RD
A Ogunbowale (DAL): 17 PTS, 4 REB, 6 AST
B Jones (CON): 18 PTS, 3 REB, 1 AST",yes,2466,56,56,1.00,2024-06-07 09:05:20.000 Z
"May 31, 2024 9:45:11 PM",SEND2 I:END_QUARTER  IO:OR EO:OR,,"DAL 72 @ CON 74 - FINAL
A Ogunbowale (DAL): 21 PTS, 4 REB, 7 AST
B Jones (CON): 22 PTS, 4 REB, 1 AST",yes,2469,56,56,1.00,2024-06-07 09:05:20.000 Z
"May 31, 2024 9:45:11 PM",SEND2 I:END_GAME  IO:OR EO:OR,,"DAL 72 @ CON 74 - FINAL
A Ogunbowale (DAL): 21 PTS, 4 REB, 7 AST
B Jones (CON): 22 PTS, 4 REB, 1 AST",yes,197,5,5,1.00,2024-06-07 09:05:20.000 Z
"May 31, 2024 9:45:11 PM",SEND2 I:END_QUARTER  IO:OR EO:OR,,"DAL 72 @ CON 74 - FINAL
A Ogunbowale (DAL): 21 PTS, 4 REB, 7 AST
B Jones (CON): 22 PTS, 4 REB, 1 AST",yes,2469,5,5,1.00,2024-06-07 09:05:20.000 Z
"May 31, 2024 9:45:11 PM",SEND2 I:END_GAME  IO:OR EO:OR,,"DAL 72 @ CON 74 - FINAL
A Ogunbowale (DAL): 21 PTS, 4 REB, 7 AST
B Jones (CON): 22 PTS, 4 REB, 1 AST",yes,197,1,1,1.00,2024-06-07 09:05:20.000 Z
"Jun 2, 2024 3:03:35 PM",SEND2 I:START_GAME  IO:OR EO:OR,,"CON @ ATL - START
Tune in to NBC Sports Boston to watch live!",yes,2623,73,73,1.00,2024-06-07 09:05:20.000 Z
"Jun 2, 2024 3:21:55 PM",SEND2 I:END_QUARTER  IO:OR EO:OR,,"CON 17 @ ATL 17 - END 1ST
A Thomas (CON): 4 PTS, 7 REB, 2 AST
T Charles (ATL): 4 PTS, 4 REB, 1 AST",yes,2488,67,67,1.00,2024-06-07 09:05:20.000 Z
"Jun 2, 2024 3:50:50 PM",SEND2 I:END_QUARTER  IO:OR EO:OR,,"CON 39 @ ATL 27 - HALF
D Bonner (CON): 14 PTS, 8 REB, 1 AST
T Charles (ATL): 8 PTS, 7 REB, 1 AST",yes,2489,65,65,1.00,2024-06-07 09:05:20.000 Z
"Jun 2, 2024 4:30:16 PM",SEND2 I:END_QUARTER  IO:OR EO:OR,,"CON 57 @ ATL 43 - END 3RD
D Bonner (CON): 18 PTS, 8 REB, 1 AST
A Gray (ATL): 9 PTS, 3 REB, 1 AST",yes,2488,76,76,1.00,2024-06-07 09:05:20.000 Z
"Jun 2, 2024 5:05:55 PM",SEND2 I:END_QUARTER  IO:OR EO:OR,,"CON 69 @ ATL 50 - FINAL
D Bonner (CON): 18 PTS, 10 REB, 1 AST
T Charles (ATL): 12 PTS, 12 REB, 1 AST",yes,2488,95,95,1.00,2024-06-07 09:05:20.000 Z
"Jun 2, 2024 5:05:55 PM",SEND2 I:END_GAME  IO:OR EO:OR,,"CON 69 @ ATL 50 - FINAL
D Bonner (CON): 18 PTS, 10 REB, 1 AST
T Charles (ATL): 12 PTS, 12 REB, 1 AST",yes,203,9,9,1.00,2024-06-07 09:05:20.000 Z
"Jun 2, 2024 3:50:50 PM",SEND2 I:END_QUARTER  IO:OR EO:OR,,"CON 39 @ ATL 27 - HALF
D Bonner (CON): 14 PTS, 8 REB, 1 AST
T Charles (ATL): 8 PTS, 7 REB, 1 AST",yes,2489,1,1,1.00,2024-06-07 09:05:20.000 Z
"Jun 2, 2024 5:05:55 PM",SEND2 I:END_QUARTER  IO:OR EO:OR,,"CON 69 @ ATL 50 - FINAL
D Bonner (CON): 18 PTS, 10 REB, 1 AST
T Charles (ATL): 12 PTS, 12 REB, 1 AST",yes,2488,4,4,1.00,2024-06-07 09:05:20.000 Z
"Jun 2, 2024 5:05:55 PM",SEND2 I:END_GAME  IO:OR EO:OR,,"CON 69 @ ATL 50 - FINAL
D Bonner (CON): 18 PTS, 10 REB, 1 AST
T Charles (ATL): 12 PTS, 12 REB, 1 AST",yes,203,1,1,1.00,2024-06-07 09:05:20.000 Z
"Jun 2, 2024 5:05:55 PM",SEND2 I:END_QUARTER  IO:OR EO:OR,,"CON 69 @ ATL 50 - FINAL
D Bonner (CON): 18 PTS, 10 REB, 1 AST
T Charles (ATL): 12 PTS, 12 REB, 1 AST",yes,2488,1,1,1.00,2024-06-07 09:05:20.000 Z
"Jun 2, 2024 5:05:55 PM",SEND2 I:END_GAME  IO:OR EO:OR,,"CON 69 @ ATL 50 - FINAL
D Bonner (CON): 18 PTS, 10 REB, 1 AST
T Charles (ATL): 12 PTS, 12 REB, 1 AST",yes,203,1,1,1.00,2024-06-07 09:05:20.000 Z
"Jun 4, 2024 7:03:14 PM",SEND2 I:START_GAME  IO:OR EO:OR,,"WAS @ CON - START
Tune in to NBC Sports Boston to watch live!",yes,2659,57,57,1.00,2024-06-07 09:05:20.000 Z
"Jun 4, 2024 7:22:06 PM",SEND2 I:END_QUARTER  IO:OR EO:OR,,"WAS 18 @ CON 19 - END 1ST
A Edwards (WAS): 6 PTS, 3 REB
D Bonner (CON): 10 PTS, 1 REB, 1 AST",yes,2522,43,43,1.00,2024-06-07 09:05:20.000 Z
"Jun 4, 2024 7:47:20 PM",SEND2 I:END_QUARTER  IO:OR EO:OR,,"WAS 33 @ CON 32 - HALF
A Edwards (WAS): 10 PTS, 5 REB
D Bonner (CON): 10 PTS, 3 REB, 1 AST",yes,2526,53,53,1.00,2024-06-07 09:05:20.000 Z
"Jun 4, 2024 8:26:49 PM",SEND2 I:END_QUARTER  IO:OR EO:OR,,"WAS 43 @ CON 58 - END 3RD
A Edwards (WAS): 12 PTS, 7 REB
D Bonner (CON): 16 PTS, 7 REB, 3 AST",yes,2528,48,48,1.00,2024-06-07 09:05:20.000 Z
"Jun 4, 2024 9:01:04 PM",SEND2 I:END_GAME  IO:OR EO:OR,,"WAS 59 @ CON 76 - FINAL
A Edwards (WAS): 14 PTS, 9 REB
D Bonner (CON): 20 PTS, 8 REB, 3 AST",yes,202,4,4,1.00,2024-06-07 09:05:20.000 Z
"Jun 4, 2024 9:01:05 PM",SEND2 I:END_QUARTER  IO:OR EO:OR,,"WAS 59 @ CON 76 - FINAL
A Edwards (WAS): 14 PTS, 9 REB
D Bonner (CON): 20 PTS, 8 REB, 3 AST",yes,2529,41,41,1.00,2024-06-07 09:05:20.000 Z
"Jun 4, 2024 7:22:06 PM",SEND2 I:END_QUARTER  IO:OR EO:OR,,"WAS 18 @ CON 19 - END 1ST
A Edwards (WAS): 6 PTS, 3 REB
D Bonner (CON): 10 PTS, 1 REB, 1 AST",yes,2522,2,2,1.00,2024-06-07 09:05:20.000 Z
"Jun 4, 2024 7:47:20 PM",SEND2 I:END_QUARTER  IO:OR EO:OR,,"WAS 33 @ CON 32 - HALF
A Edwards (WAS): 10 PTS, 5 REB
D Bonner (CON): 10 PTS, 3 REB, 1 AST",yes,2526,1,1,1.00,2024-06-07 09:05:20.000 Z
"Jun 4, 2024 9:01:05 PM",SEND2 I:END_QUARTER  IO:OR EO:OR,,"WAS 59 @ CON 76 - FINAL
A Edwards (WAS): 14 PTS, 9 REB
D Bonner (CON): 20 PTS, 8 REB, 3 AST",yes,2529,5,5,1.00,2024-06-07 09:05:20.000 Z
"Jun 4, 2024 8:26:49 PM",SEND2 I:END_QUARTER  IO:OR EO:OR,,"WAS 43 @ CON 58 - END 3RD
A Edwards (WAS): 12 PTS, 7 REB
D Bonner (CON): 16 PTS, 7 REB, 3 AST",yes,2528,1,1,1.00,2024-06-07 09:05:20.000 Z
"Jun 4, 2024 9:01:05 PM",SEND2 I:END_QUARTER  IO:OR EO:OR,,"WAS 59 @ CON 76 - FINAL
A Edwards (WAS): 14 PTS, 9 REB
D Bonner (CON): 20 PTS, 8 REB, 3 AST",yes,2529,1,1,1.00,2024-06-07 09:05:20.000 Z
"Jun 8, 2024 3:07:12 PM",SEND2 I:END_QUARTER  IO:OR EO:OR,,"NYL 82 @ CON 75 - FINAL
S Ionescu (NYL): 24 PTS, 3 REB, 5 AST
D Bonner (CON): 16 PTS, 8 REB, 3 AST",yes,2590,5,5,1.00,2024-06-11 09:03:05.000 Z
"Jun 8, 2024 3:07:12 PM",SEND2 I:END_QUARTER  IO:OR EO:OR,,"NYL 82 @ CON 75 - FINAL
S Ionescu (NYL): 24 PTS, 3 REB, 5 AST
D Bonner (CON): 16 PTS, 8 REB, 3 AST",yes,2590,3,3,1.00,2024-06-11 09:03:05.000 Z
"Jun 10, 2024 7:03:14 PM",SEND2 I:START_GAME  IO:OR EO:OR,,"IND @ CON - START
Tune in to NBC Sports Boston to watch live!",yes,2767,41,41,1.00,2024-06-11 09:03:05.000 Z
"Jun 10, 2024 7:21:59 PM",SEND2 I:END_QUARTER  IO:OR EO:OR,,"IND 15 @ CON 26 - END 1ST
C Clark (IND): 5 PTS, 1 AST
D Bonner (CON): 8 PTS, 1 REB",yes,2629,42,42,1.00,2024-06-11 09:03:05.000 Z
"Jun 10, 2024 7:53:01 PM",SEND2 I:END_QUARTER  IO:OR EO:OR,,"IND 35 @ CON 55 - HALF
C Clark (IND): 10 PTS, 1 AST
D Bonner (CON): 15 PTS, 2 REB",yes,2630,47,47,1.00,2024-06-11 09:03:05.000 Z
"Jun 10, 2024 8:31:12 PM",SEND2 I:END_QUARTER  IO:OR EO:OR,,"IND 56 @ CON 80 - END 3RD
C Clark (IND): 10 PTS, 2 AST
D Bonner (CON): 17 PTS, 2 REB",yes,2632,45,45,1.00,2024-06-11 09:03:05.000 Z
"Jun 10, 2024 8:59:57 PM",SEND2 I:END_GAME  IO:OR EO:OR,,"IND 72 @ CON 89 - FINAL
A Boston (IND): 14 PTS, 12 REB, 5 AST
D Carrington (CON): 22 PTS, 6 REB, 3 AST",yes,206,1,1,1.00,2024-06-11 09:03:05.000 Z
"Jun 10, 2024 8:59:57 PM",SEND2 I:END_QUARTER  IO:OR EO:OR,,"IND 72 @ CON 89 - FINAL
A Boston (IND): 14 PTS, 12 REB, 5 AST
D Carrington (CON): 22 PTS, 6 REB, 3 AST",yes,2635,54,54,1.00,2024-06-11 09:03:05.000 Z
"Jun 10, 2024 7:53:01 PM",SEND2 I:END_QUARTER  IO:OR EO:OR,,"IND 35 @ CON 55 - HALF
C Clark (IND): 10 PTS, 1 AST
D Bonner (CON): 15 PTS, 2 REB",yes,2630,1,1,1.00,2024-06-13 09:03:12.000 Z
"Jun 10, 2024 8:59:57 PM",SEND2 I:END_QUARTER  IO:OR EO:OR,,"IND 72 @ CON 89 - FINAL
A Boston (IND): 14 PTS, 12 REB, 5 AST
D Carrington (CON): 22 PTS, 6 REB, 3 AST",yes,2635,3,3,1.00,2024-06-13 09:03:12.000 Z
"Jun 12, 2024 8:03:01 PM",SEND2 I:START_GAME  IO:OR EO:OR,,"CON @ CHI - START
Tune in to NECN to watch live!",yes,2805,173,173,1.00,2024-06-19 09:03:26.000 Z
"Jun 12, 2024 8:25:28 PM",SEND2 I:END_QUARTER  IO:OR EO:OR,,"CON 20 @ CHI 22 - END 1ST
A Thomas (CON): 6 PTS, 4 REB, 2 AST
C Carter (CHI): 6 PTS, 1 REB, 2 AST",yes,2663,187,187,1.00,2024-06-19 09:03:26.000 Z
"Jun 12, 2024 8:55:16 PM",SEND2 I:END_QUARTER  IO:OR EO:OR,,"CON 40 @ CHI 38 - HALF
B Jones (CON): 14 PTS, 2 REB
K Cardoso (CHI): 8 PTS, 4 REB",yes,2663,317,317,1.00,2024-06-19 09:03:26.000 Z
"Jun 12, 2024 9:36:32 PM",SEND2 I:END_QUARTER  IO:OR EO:OR,,"CON 60 @ CHI 55 - END 3RD
B Jones (CON): 14 PTS, 3 REB
A Reese (CHI): 14 PTS, 7 REB, 1 AST",yes,2665,257,257,1.00,2024-06-19 09:03:26.000 Z
"Jun 12, 2024 10:08:06 PM",SEND2 I:END_GAME  IO:OR EO:OR,,"CON 83 @ CHI 75 - FINAL
A Thomas (CON): 20 PTS, 7 REB, 4 AST
A Reese (CHI): 20 PTS, 10 REB, 1 AST",yes,208,32,32,1.00,2024-06-19 09:03:26.000 Z
"Jun 12, 2024 10:08:06 PM",SEND2 I:END_QUARTER  IO:OR EO:OR,,"CON 83 @ CHI 75 - FINAL
A Thomas (CON): 20 PTS, 7 REB, 4 AST
A Reese (CHI): 20 PTS, 10 REB, 1 AST",yes,2667,250,250,1.00,2024-06-19 09:03:26.000 Z
"Jun 12, 2024 9:36:32 PM",SEND2 I:END_QUARTER  IO:OR EO:OR,,"CON 60 @ CHI 55 - END 3RD
B Jones (CON): 14 PTS, 3 REB
A Reese (CHI): 14 PTS, 7 REB, 1 AST",yes,2665,3,3,1.00,2024-06-19 09:03:26.000 Z
"Jun 12, 2024 10:08:06 PM",SEND2 I:END_GAME  IO:OR EO:OR,,"CON 83 @ CHI 75 - FINAL
A Thomas (CON): 20 PTS, 7 REB, 4 AST
A Reese (CHI): 20 PTS, 10 REB, 1 AST",yes,208,1,1,1.00,2024-06-19 09:03:26.000 Z
"Jun 12, 2024 10:08:06 PM",SEND2 I:END_QUARTER  IO:OR EO:OR,,"CON 83 @ CHI 75 - FINAL
A Thomas (CON): 20 PTS, 7 REB, 4 AST
A Reese (CHI): 20 PTS, 10 REB, 1 AST",yes,2667,27,27,1.00,2024-06-19 09:03:26.000 Z
"Jun 12, 2024 8:03:01 PM",SEND2 I:START_GAME  IO:OR EO:OR,,"CON @ CHI - START
Tune in to NECN to watch live!",yes,2805,1,1,1.00,2024-06-19 09:03:26.000 Z
"Jun 12, 2024 9:36:32 PM",SEND2 I:END_QUARTER  IO:OR EO:OR,,"CON 60 @ CHI 55 - END 3RD
B Jones (CON): 14 PTS, 3 REB
A Reese (CHI): 14 PTS, 7 REB, 1 AST",yes,2665,1,1,1.00,2024-06-19 09:03:26.000 Z
"Jun 12, 2024 10:08:06 PM",SEND2 I:END_QUARTER  IO:OR EO:OR,,"CON 83 @ CHI 75 - FINAL
A Thomas (CON): 20 PTS, 7 REB, 4 AST
A Reese (CHI): 20 PTS, 10 REB, 1 AST",yes,2667,1,1,1.00,2024-06-19 09:03:26.000 Z
"Jun 10, 2024 8:59:57 PM",SEND2 I:END_GAME  IO:OR EO:OR,,"IND 72 @ CON 89 - FINAL
A Boston (IND): 14 PTS, 12 REB, 5 AST
D Carrington (CON): 22 PTS, 6 REB, 3 AST",yes,206,1,1,1.00,2024-06-19 09:03:26.000 Z
"Jun 15, 2024 1:03:42 PM",SEND2 I:START_GAME  IO:OR EO:OR,,"CON @ DAL - START
Tune in to CBS, WNBA League Pass to watch live!",yes,2831,63,63,1.00,2024-06-19 09:03:26.000 Z
"Jun 15, 2024 1:27:05 PM",SEND2 I:END_QUARTER  IO:OR EO:OR,,"CON 27 @ DAL 17 - END 1ST
D Carrington (CON): 8 PTS, 1 REB, 1 AST
A Ogunbowale (DAL): 6 PTS, 1 REB, 1 AST",yes,2684,47,47,1.00,2024-06-19 09:03:26.000 Z
"Jun 15, 2024 1:50:50 PM",SEND2 I:END_QUARTER  IO:OR EO:OR,,"CON 43 @ DAL 33 - HALF
B Jones (CON): 10 PTS, 7 REB, 1 AST
T McCowan (DAL): 8 PTS, 4 REB",yes,2684,34,34,1.00,2024-06-19 09:03:26.000 Z
"Jun 15, 2024 2:34:18 PM",SEND2 I:END_QUARTER  IO:OR EO:OR,,"CON 68 @ DAL 46 - END 3RD
D Carrington (CON): 14 PTS, 1 REB, 1 AST
M Siegrist (DAL): 12 PTS, 2 REB",yes,2686,52,52,1.00,2024-06-19 09:03:26.000 Z
"Jun 15, 2024 3:15:05 PM",SEND2 I:END_GAME  IO:OR EO:OR,,"CON 85 @ DAL 67 - FINAL
R Banham (CON): 16 PTS, 3 REB, 2 AST
T McCowan (DAL): 16 PTS, 10 REB, 2 AST",yes,213,5,5,1.00,2024-06-19 09:03:26.000 Z
"Jun 15, 2024 3:15:05 PM",SEND2 I:END_QUARTER  IO:OR EO:OR,,"CON 85 @ DAL 67 - FINAL
R Banham (CON): 16 PTS, 3 REB, 2 AST
T McCowan (DAL): 16 PTS, 10 REB, 2 AST",yes,2688,64,64,1.00,2024-06-19 09:03:26.000 Z
"Jun 15, 2024 1:50:50 PM",SEND2 I:END_QUARTER  IO:OR EO:OR,,"CON 43 @ DAL 33 - HALF
B Jones (CON): 10 PTS, 7 REB, 1 AST
T McCowan (DAL): 8 PTS, 4 REB",yes,2684,19,19,1.00,2024-06-19 09:03:26.000 Z
"Jun 15, 2024 2:34:18 PM",SEND2 I:END_QUARTER  IO:OR EO:OR,,"CON 68 @ DAL 46 - END 3RD
D Carrington (CON): 14 PTS, 1 REB, 1 AST
M Siegrist (DAL): 12 PTS, 2 REB",yes,2686,1,1,1.00,2024-06-19 09:03:26.000 Z
"Jun 15, 2024 3:15:05 PM",SEND2 I:END_QUARTER  IO:OR EO:OR,,"CON 85 @ DAL 67 - FINAL
R Banham (CON): 16 PTS, 3 REB, 2 AST
T McCowan (DAL): 16 PTS, 10 REB, 2 AST",yes,2688,23,23,1.00,2024-06-19 09:03:26.000 Z
"Jun 15, 2024 3:15:05 PM",SEND2 I:END_QUARTER  IO:OR EO:OR,,"CON 85 @ DAL 67 - FINAL
R Banham (CON): 16 PTS, 3 REB, 2 AST
T McCowan (DAL): 16 PTS, 10 REB, 2 AST",yes,2688,1,1,1.00,2024-06-19 09:03:26.000 Z
"Jun 18, 2024 7:23:11 PM",SEND2 I:END_QUARTER  IO:OR EO:OR,,"LAS 14 @ CON 18 - END 1ST
A McDonald (LAS): 5 PTS, 1 REB, 2 AST
B Jones (CON): 7 PTS, 1 REB, 1 AST",yes,2723,1,1,1.00,2024-06-24 23:09:03.000 Z
"Jun 18, 2024 8:31:25 PM",SEND2 I:END_QUARTER  IO:OR EO:OR,,"LAS 48 @ CON 63 - END 3RD
A McDonald (LAS): 10 PTS, 2 REB, 6 AST
D Bonner (CON): 14 PTS, 3 REB, 1 AST",yes,2725,2,2,1.00,2024-06-24 23:09:03.000 Z
"Jun 18, 2024 9:02:37 PM",SEND2 I:END_QUARTER  IO:OR EO:OR,,"LAS 70 @ CON 79 - FINAL
A McDonald (LAS): 14 PTS, 4 REB, 7 AST
D Bonner (CON): 16 PTS, 7 REB, 1 AST",yes,2724,4,4,1.00,2024-06-24 23:09:03.000 Z
"Jun 18, 2024 9:02:37 PM",SEND2 I:END_QUARTER  IO:OR EO:OR,,"LAS 70 @ CON 79 - FINAL
A McDonald (LAS): 14 PTS, 4 REB, 7 AST
D Bonner (CON): 16 PTS, 7 REB, 1 AST",yes,2724,1,1,1.00,2024-06-24 23:09:03.000 Z
"Jun 18, 2024 9:02:37 PM",SEND2 I:END_QUARTER  IO:OR EO:OR,,"LAS 70 @ CON 79 - FINAL
A McDonald (LAS): 14 PTS, 4 REB, 7 AST
D Bonner (CON): 16 PTS, 7 REB, 1 AST",yes,2724,35,35,1.00,2024-06-24 23:09:03.000 Z
"Jun 21, 2024 10:02:42 PM",SEND2 I:START_GAME  IO:OR EO:OR,,"CON @ LVA - START
Tune in to ION, WNBA League Pass to watch live!",yes,2901,192,192,1.00,2024-06-24 23:09:03.000 Z
"Jun 21, 2024 10:21:43 PM",SEND2 I:END_QUARTER  IO:OR EO:OR,,"CON 16 @ LVA 20 - END 1ST
B Jones (CON): 11 PTS, 2 REB
A Wilson (LVA): 6 PTS, 5 REB",yes,2750,144,144,1.00,2024-06-24 23:09:03.000 Z
"Jun 21, 2024 10:47:46 PM",SEND2 I:END_QUARTER  IO:OR EO:OR,,"CON 28 @ LVA 45 - HALF
B Jones (CON): 11 PTS, 5 REB
A Wilson (LVA): 12 PTS, 8 REB",yes,2750,163,163,1.00,2024-06-24 23:09:03.000 Z
"Jun 21, 2024 11:27:02 PM",SEND2 I:END_QUARTER  IO:OR EO:OR,,"CON 50 @ LVA 63 - END 3RD
B Jones (CON): 16 PTS, 7 REB
A Wilson (LVA): 22 PTS, 13 REB, 1 AST",yes,2749,94,94,1.00,2024-06-24 23:09:03.000 Z
"Jun 21, 2024 11:54:57 PM",SEND2 I:END_QUARTER  IO:OR EO:OR,,"CON 74 @ LVA 85 - FINAL
D Carrington (CON): 19 PTS, 6 REB
A Wilson (LVA): 26 PTS, 16 REB, 1 AST",yes,2750,16,16,1.00,2024-06-24 23:09:03.000 Z
"Jun 21, 2024 10:21:43 PM",SEND2 I:END_QUARTER  IO:OR EO:OR,,"CON 16 @ LVA 20 - END 1ST
B Jones (CON): 11 PTS, 2 REB
A Wilson (LVA): 6 PTS, 5 REB",yes,2750,3,3,1.00,2024-06-26 09:22:53.000 Z
"Jun 21, 2024 11:27:02 PM",SEND2 I:END_QUARTER  IO:OR EO:OR,,"CON 50 @ LVA 63 - END 3RD
B Jones (CON): 16 PTS, 7 REB
A Wilson (LVA): 22 PTS, 13 REB, 1 AST",yes,2749,16,16,1.00,2024-06-26 09:22:53.000 Z
"Jun 21, 2024 11:54:57 PM",SEND2 I:END_GAME  IO:OR EO:OR,,"CON 74 @ LVA 85 - FINAL
D Carrington (CON): 19 PTS, 6 REB
A Wilson (LVA): 26 PTS, 16 REB, 1 AST",yes,219,25,25,1.00,2024-06-26 09:22:53.000 Z
"Jun 21, 2024 11:54:57 PM",SEND2 I:END_QUARTER  IO:OR EO:OR,,"CON 74 @ LVA 85 - FINAL
D Carrington (CON): 19 PTS, 6 REB
A Wilson (LVA): 26 PTS, 16 REB, 1 AST",yes,2750,176,176,1.00,2024-06-26 09:22:53.000 Z
"Jun 23, 2024 3:03:01 PM",SEND2 I:START_GAME  IO:OR EO:OR,,"CON @ SEA - START
Tune in to NBC Sports Boston to watch live!",yes,2913,44,44,1.00,2024-06-26 09:22:53.000 Z
"Jun 23, 2024 3:24:55 PM",SEND2 I:END_QUARTER  IO:OR EO:OR,,"CON 14 @ SEA 8 - END 1ST
A Thomas (CON): 8 PTS, 6 REB, 1 AST
S Diggins-Smith (SEA): 2 PTS, 2 REB, 1 AST",yes,2763,44,44,1.00,2024-06-26 09:22:53.000 Z
"Jun 23, 2024 3:52:06 PM",SEND2 I:END_QUARTER  IO:OR EO:OR,,"CON 31 @ SEA 34 - HALF
A Thomas (CON): 8 PTS, 9 REB, 3 AST
J Loyd (SEA): 11 PTS, 3 REB, 1 AST",yes,2763,36,36,1.00,2024-06-26 09:22:53.000 Z
"Jun 23, 2024 4:32:30 PM",SEND2 I:END_QUARTER  IO:OR EO:OR,,"CON 48 @ SEA 55 - END 3RD
A Thomas (CON): 10 PTS, 11 REB, 3 AST
J Loyd (SEA): 14 PTS, 3 REB, 3 AST",yes,2765,32,32,1.00,2024-06-26 09:22:53.000 Z
"Jun 23, 2024 5:05:46 PM",SEND2 I:END_GAME  IO:OR EO:OR,,"CON 61 @ SEA 72 - FINAL
A Thomas (CON): 14 PTS, 14 REB, 3 AST
J Loyd (SEA): 16 PTS, 5 REB, 5 AST",yes,220,2,2,1.00,2024-06-26 09:22:53.000 Z
"Jun 23, 2024 5:05:46 PM",SEND2 I:END_QUARTER  IO:OR EO:OR,,"CON 61 @ SEA 72 - FINAL
A Thomas (CON): 14 PTS, 14 REB, 3 AST
J Loyd (SEA): 16 PTS, 5 REB, 5 AST",yes,2765,34,34,1.00,2024-06-26 09:22:53.000 Z
"Jun 23, 2024 3:03:01 PM",SEND2 I:START_GAME  IO:OR EO:OR,,"CON @ SEA - START
Tune in to NBC Sports Boston to watch live!",yes,2913,1,1,1.00,2024-06-26 09:22:53.000 Z
"Jun 23, 2024 5:05:46 PM",SEND2 I:END_QUARTER  IO:OR EO:OR,,"CON 61 @ SEA 72 - FINAL
A Thomas (CON): 14 PTS, 14 REB, 3 AST
J Loyd (SEA): 16 PTS, 5 REB, 5 AST",yes,2765,1,1,1.00,2024-06-26 09:22:53.000 Z
"Jul 1, 2024 10:23:20 PM",SEND2 I:END_QUARTER  IO:OR EO:OR,,"CON 19 @ PHO 17 - END 1ST
D Carrington (CON): 6 PTS, 3 REB
N Cloud (PHO): 5 PTS, 2 REB, 3 AST",yes,2827,1,1,1.00,2024-07-03 09:03:41.000 Z
"Jul 1, 2024 11:57:32 PM",SEND2 I:END_QUARTER  IO:OR EO:OR,,"CON 83 @ PHO 72 - FINAL
B Jones (CON): 18 PTS, 7 REB, 1 AST
K Copper (PHO): 21 PTS, 6 REB, 2 AST",yes,2829,34,34,1.00,2024-07-03 09:03:41.000 Z
"Jul 1, 2024 11:57:32 PM",SEND2 I:END_GAME  IO:OR EO:OR,,"CON 83 @ PHO 72 - FINAL
B Jones (CON): 18 PTS, 7 REB, 1 AST
K Copper (PHO): 21 PTS, 6 REB, 2 AST",yes,222,2,2,1.00,2024-07-03 09:03:41.000 Z
"Jul 4, 2024 8:02:42 PM",SEND2 I:START_GAME  IO:OR EO:OR,,"CON @ MIN - START
Tune in to NBC Sports Boston to watch live!",yes,3002,2,2,1.00,2024-07-06 09:04:34.000 Z
"Jul 4, 2024 8:48:59 PM",SEND2 I:END_QUARTER  IO:OR EO:OR,,"CON 36 @ MIN 40 - HALF
D Bonner (CON): 15 PTS, 3 REB, 1 AST
A Smith (MIN): 9 PTS, 2 REB, 1 AST",yes,2851,1,1,1.00,2024-07-06 09:04:34.000 Z
"Jul 4, 2024 9:25:02 PM",SEND2 I:END_QUARTER  IO:OR EO:OR,,"CON 64 @ MIN 58 - END 3RD
D Bonner (CON): 18 PTS, 5 REB, 1 AST
A Smith (MIN): 14 PTS, 4 REB, 1 AST",yes,2851,2,2,1.00,2024-07-06 09:04:34.000 Z
"Jul 4, 2024 9:57:42 PM",SEND2 I:END_GAME  IO:OR EO:OR,,"CON 78 @ MIN 73 - FINAL
D Bonner (CON): 24 PTS, 9 REB, 1 AST
A Smith (MIN): 14 PTS, 4 REB, 2 AST",yes,223,2,2,1.00,2024-07-06 09:04:34.000 Z
"Jul 4, 2024 9:57:42 PM",SEND2 I:END_QUARTER  IO:OR EO:OR,,"CON 78 @ MIN 73 - FINAL
D Bonner (CON): 24 PTS, 9 REB, 1 AST
A Smith (MIN): 14 PTS, 4 REB, 2 AST",yes,2851,12,12,1.00,2024-07-06 09:04:34.000 Z
"Aug 16, 2024 9:41:11 PM",SEND2 I:START_GAME  IO:OR EO:OR,,CON @ DAL - STARTTune in to ION WNBA League Pass to watch live!,yes,3287,48,48,1.00,2024-08-17 09:03:43.000 Z
"Aug 16, 2024 10:01:04 PM",SEND2 I:END_QUARTER  IO:OR EO:OR,,CON 27 @ DAL 20 - END 1STM Mabrey (CON): 10 PTS 3 REB 2 ASTS Sabally (DAL): 6 PTS 3 REB 2 AST,yes,3116,41,41,1.00,2024-08-17 09:03:43.000 Z
"Aug 16, 2024 10:29:34 PM",SEND2 I:END_QUARTER  IO:OR EO:OR,,CON 50 @ DAL 38 - HALFM Mabrey (CON): 13 PTS 3 REB 3 ASTA Ogunbowale (DAL): 10 PTS 2 REB,yes,3118,21,21,1.00,2024-08-17 09:03:43.000 Z
"Aug 16, 2024 11:11:06 PM",SEND2 I:END_QUARTER  IO:OR EO:OR,,CON 82 @ DAL 61 - END 3RDD Bonner (CON): 26 PTS 3 REB 3 ASTS Sabally (DAL): 17 PTS 8 REB 5 AST,yes,3119,33,33,1.00,2024-08-17 09:03:43.000 Z
"Aug 16, 2024 11:40:28 PM",SEND2 I:END_QUARTER  IO:OR EO:OR,,CON 109 @ DAL 91 - FINALD Bonner (CON): 29 PTS 3 REB 4 ASTA Ogunbowale (DAL): 21 PTS 3 REB 2 AST,yes,3119,25,25,1.00,2024-08-17 09:03:43.000 Z
"Aug 16, 2024 11:11:06 PM",SEND2 I:END_QUARTER  IO:OR EO:OR,,CON 82 @ DAL 61 - END 3RDD Bonner (CON): 26 PTS 3 REB 3 ASTS Sabally (DAL): 17 PTS 8 REB 5 AST,yes,3119,2,2,1.00,2024-08-19 09:07:16.000 Z
"Aug 16, 2024 11:40:28 PM",SEND2 I:END_QUARTER  IO:OR EO:OR,,CON 109 @ DAL 91 - FINALD Bonner (CON): 29 PTS 3 REB 4 ASTA Ogunbowale (DAL): 21 PTS 3 REB 2 AST,yes,3119,3,3,1.00,2024-08-19 09:07:16.000 Z
"Aug 18, 2024 3:03:16 PM",SEND2 I:START_GAME  IO:OR EO:OR,,CON @ ATL - STARTTune in to NBC Sports Boston to watch live!,yes,3297,67,67,1.00,2024-08-19 09:07:16.000 Z
"Aug 18, 2024 3:26:03 PM",SEND2 I:END_QUARTER  IO:OR EO:OR,,CON 15 @ ATL 19 - END 1STB Jones (CON): 4 PTS 4 REBT Charles (ATL): 6 PTS 5 REB 1 AST,yes,3124,38,38,1.00,2024-08-19 09:07:16.000 Z
"Aug 18, 2024 3:57:56 PM",SEND2 I:END_QUARTER  IO:OR EO:OR,,CON 34 @ ATL 38 - HALFM Mabrey (CON): 8 PTS 4 REBT Charles (ATL): 11 PTS 6 REB 1 AST,yes,3124,47,47,1.00,2024-08-19 09:07:16.000 Z
"Aug 18, 2024 4:38:24 PM",SEND2 I:END_QUARTER  IO:OR EO:OR,,CON 52 @ ATL 59 - END 3RDB Jones (CON): 12 PTS 8 REB 1 ASTT Charles (ATL): 16 PTS 9 REB 1 AST,yes,3124,54,54,1.00,2024-08-19 09:07:16.000 Z
"Aug 18, 2024 5:15:18 PM",SEND2 I:END_QUARTER  IO:OR EO:OR,,CON 70 @ ATL 82 - FINALA Thomas (CON): 13 PTS 8 REB 6 ASTT Charles (ATL): 22 PTS 15 REB 1 AST,yes,3123,39,39,1.00,2024-08-19 09:07:16.000 Z
"Aug 18, 2024 5:15:18 PM",SEND2 I:END_GAME  IO:OR EO:OR,,CON 70 @ ATL 82 - FINALA Thomas (CON): 13 PTS 8 REB 6 ASTT Charles (ATL): 22 PTS 15 REB 1 AST,yes,238,4,4,1.00,2024-08-19 09:07:16.000 Z
