"SEND_TIME","TAGS_INCLUDED","TAGS_EXCLUDED","MESSAGE","HAS_LINK","SUBSCRIPTIONS_TARGETED","VIEWS","CLICKS","CLICKTHROUGH_RATE","ETL_RECORD_UPDATED","clickrate"
"May 9, 2024 8:26:39 PM","SEND2 I:END_QUARTER  IO:OR EO:OR",NA,"NYL 65 @ CON 59 - END 3RD
S Ionescu (NYL): 15 PTS, 6 REB, 2 AST
R Banham (CON): 17 PTS, 1 REB","yes",2065,28,28,1,"2024-06-07 09:05:20.000 Z",0.0135593220338983
"May 9, 2024 9:05:47 PM","SEND2 I:END_QUARTER  IO:OR EO:OR",NA,"NYL 82 @ CON 79 - FINAL
S Ionescu (NYL): 15 PTS, 6 REB, 2 AST
R Banham (CON): 20 PTS, 1 REB, 1 AST","yes",2016,2,2,1,"2024-06-07 09:05:20.000 Z",0.000992063492063492
"May 9, 2024 8:26:39 PM","SEND2 I:END_QUARTER  IO:OR EO:OR",NA,"NYL 65 @ CON 59 - END 3RD
S Ionescu (NYL): 15 PTS, 6 REB, 2 AST
R Banham (CON): 17 PTS, 1 REB","yes",2065,14,14,1,"2024-06-07 09:05:20.000 Z",0.00677966101694915
"May 9, 2024 9:05:47 PM","SEND2 I:END_QUARTER  IO:OR EO:OR",NA,"NYL 82 @ CON 79 - FINAL
S Ionescu (NYL): 15 PTS, 6 REB, 2 AST
R Banham (CON): 20 PTS, 1 REB, 1 AST","yes",2016,27,27,1,"2024-06-07 09:05:20.000 Z",0.0133928571428571
"May 9, 2024 9:05:47 PM","SEND2 I:END_QUARTER  IO:OR EO:OR",NA,"NYL 82 @ CON 79 - FINAL
S Ionescu (NYL): 15 PTS, 6 REB, 2 AST
R Banham (CON): 20 PTS, 1 REB, 1 AST","yes",2016,2,2,1,"2024-06-07 09:05:20.000 Z",0.000992063492063492
"May 9, 2024 8:26:39 PM","SEND2 I:END_QUARTER  IO:OR EO:OR",NA,"NYL 65 @ CON 59 - END 3RD
S Ionescu (NYL): 15 PTS, 6 REB, 2 AST
R Banham (CON): 17 PTS, 1 REB","yes",2065,2,2,1,"2024-06-07 09:05:20.000 Z",0.000968523002421308
"May 9, 2024 9:05:47 PM","SEND2 I:END_QUARTER  IO:OR EO:OR",NA,"NYL 82 @ CON 79 - FINAL
S Ionescu (NYL): 15 PTS, 6 REB, 2 AST
R Banham (CON): 20 PTS, 1 REB, 1 AST","yes",2016,1,1,1,"2024-06-07 09:05:20.000 Z",0.000496031746031746
"May 14, 2024 7:35:31 PM","SEND2 I:START_GAME  IO:OR EO:OR",NA,"IND @ CON - START
Tune in to Disney+, ESPN+, ESPN2, WNBA League Pass to watch live!","yes",2263,53,53,1,"2024-06-07 09:05:20.000 Z",0.0234202386212992
"May 14, 2024 7:58:51 PM","SEND2 I:END_QUARTER  IO:OR EO:OR",NA,"IND 13 @ CON 19 - END 1ST
N Smith (IND): 7 PTS, 3 REB
T Harris (CON): 9 PTS, 1 AST","yes",2149,51,51,1,"2024-06-07 09:05:20.000 Z",0.0237319683573755
"May 14, 2024 8:30:48 PM","SEND2 I:END_QUARTER  IO:OR EO:OR",NA,"IND 39 @ CON 49 - HALF
N Smith (IND): 11 PTS, 5 REB, 1 AST
D Carrington (CON): 14 PTS, 3 REB, 1 AST","yes",2154,52,52,1,"2024-06-07 09:05:20.000 Z",0.0241411327762303
"May 14, 2024 9:12:21 PM","SEND2 I:END_QUARTER  IO:OR EO:OR",NA,"IND 57 @ CON 64 - END 3RD
N Smith (IND): 13 PTS, 9 REB, 1 AST
D Bonner (CON): 16 PTS, 5 REB, 1 AST","yes",2164,44,44,1,"2024-06-07 09:05:20.000 Z",0.0203327171903882
"May 14, 2024 9:42:09 PM","SEND2 I:END_QUARTER  IO:OR EO:OR",NA,"IND 71 @ CON 92 - FINAL
C Clark (IND): 20 PTS, 3 AST
D Bonner (CON): 20 PTS, 6 REB, 1 AST","yes",2160,42,42,1,"2024-06-07 09:05:20.000 Z",0.0194444444444444
"May 14, 2024 9:42:09 PM","SEND2 I:END_GAME  IO:OR EO:OR",NA,"IND 71 @ CON 92 - FINAL
C Clark (IND): 20 PTS, 3 AST
D Bonner (CON): 20 PTS, 6 REB, 1 AST","yes",167,3,3,1,"2024-06-07 09:05:20.000 Z",0.0179640718562874
"May 14, 2024 7:35:31 PM","SEND2 I:START_GAME  IO:OR EO:OR",NA,"IND @ CON - START
Tune in to Disney+, ESPN+, ESPN2, WNBA League Pass to watch live!","yes",2263,1,1,1,"2024-06-07 09:05:20.000 Z",0.000441891294741494
"May 14, 2024 7:58:51 PM","SEND2 I:END_QUARTER  IO:OR EO:OR",NA,"IND 13 @ CON 19 - END 1ST
N Smith (IND): 7 PTS, 3 REB
T Harris (CON): 9 PTS, 1 AST","yes",2149,1,1,1,"2024-06-07 09:05:20.000 Z",0.000465332712889716
"May 14, 2024 8:30:48 PM","SEND2 I:END_QUARTER  IO:OR EO:OR",NA,"IND 39 @ CON 49 - HALF
N Smith (IND): 11 PTS, 5 REB, 1 AST
D Carrington (CON): 14 PTS, 3 REB, 1 AST","yes",2154,1,1,1,"2024-06-07 09:05:20.000 Z",0.000464252553389044
"May 14, 2024 9:12:21 PM","SEND2 I:END_QUARTER  IO:OR EO:OR",NA,"IND 57 @ CON 64 - END 3RD
N Smith (IND): 13 PTS, 9 REB, 1 AST
D Bonner (CON): 16 PTS, 5 REB, 1 AST","yes",2164,1,1,1,"2024-06-07 09:05:20.000 Z",0.000462107208872458
"May 14, 2024 9:42:09 PM","SEND2 I:END_QUARTER  IO:OR EO:OR",NA,"IND 71 @ CON 92 - FINAL
C Clark (IND): 20 PTS, 3 AST
D Bonner (CON): 20 PTS, 6 REB, 1 AST","yes",2160,8,8,1,"2024-06-07 09:05:20.000 Z",0.0037037037037037
"May 17, 2024 7:33:32 PM","SEND2 I:START_GAME  IO:OR EO:OR",NA,"WAS @ CON - START
Tune in to ION, WNBA League Pass to watch live!","yes",2341,45,45,1,"2024-06-07 09:05:20.000 Z",0.0192225544639043
"May 17, 2024 7:56:37 PM","SEND2 I:END_QUARTER  IO:OR EO:OR",NA,"WAS 20 @ CON 18 - END 1ST
K Samuelson (WAS): 8 PTS, 3 AST
M Jefferson (CON): 5 PTS, 1 AST","yes",2235,71,71,1,"2024-06-07 09:05:20.000 Z",0.0317673378076063
"May 17, 2024 8:28:07 PM","SEND2 I:END_QUARTER  IO:OR EO:OR",NA,"WAS 36 @ CON 36 - HALF
K Samuelson (WAS): 14 PTS, 3 AST
D Carrington (CON): 10 PTS, 4 REB, 2 AST","yes",2240,48,48,1,"2024-06-07 09:05:20.000 Z",0.0214285714285714
"May 17, 2024 9:08:08 PM","SEND2 I:END_QUARTER  IO:OR EO:OR",NA,"WAS 56 @ CON 52 - END 3RD
K Samuelson (WAS): 16 PTS, 2 REB, 4 AST
D Carrington (CON): 16 PTS, 4 REB, 2 AST","yes",2240,42,42,1,"2024-06-07 09:05:20.000 Z",0.01875
"May 17, 2024 9:42:43 PM","SEND2 I:END_GAME  IO:OR EO:OR",NA,"WAS 77 @ CON 84 - FINAL
K Samuelson (WAS): 18 PTS, 3 REB, 4 AST
D Bonner (CON): 22 PTS, 6 REB, 1 AST","yes",172,2,2,1,"2024-06-07 09:05:20.000 Z",0.0116279069767442
"May 17, 2024 9:42:43 PM","SEND2 I:END_QUARTER  IO:OR EO:OR",NA,"WAS 77 @ CON 84 - FINAL
K Samuelson (WAS): 18 PTS, 3 REB, 4 AST
D Bonner (CON): 22 PTS, 6 REB, 1 AST","yes",2240,57,57,1,"2024-06-07 09:05:20.000 Z",0.0254464285714286
"May 17, 2024 9:08:08 PM","SEND2 I:END_QUARTER  IO:OR EO:OR",NA,"WAS 56 @ CON 52 - END 3RD
K Samuelson (WAS): 16 PTS, 2 REB, 4 AST
D Carrington (CON): 16 PTS, 4 REB, 2 AST","yes",2240,1,1,1,"2024-06-07 09:05:20.000 Z",0.000446428571428571
"May 17, 2024 9:42:43 PM","SEND2 I:END_GAME  IO:OR EO:OR",NA,"WAS 77 @ CON 84 - FINAL
K Samuelson (WAS): 18 PTS, 3 REB, 4 AST
D Bonner (CON): 22 PTS, 6 REB, 1 AST","yes",172,1,1,1,"2024-06-07 09:05:20.000 Z",0.00581395348837209
"May 17, 2024 9:42:43 PM","SEND2 I:END_QUARTER  IO:OR EO:OR",NA,"WAS 77 @ CON 84 - FINAL
K Samuelson (WAS): 18 PTS, 3 REB, 4 AST
D Bonner (CON): 22 PTS, 6 REB, 1 AST","yes",2240,6,6,1,"2024-06-07 09:05:20.000 Z",0.00267857142857143
"May 17, 2024 9:42:43 PM","SEND2 I:END_QUARTER  IO:OR EO:OR",NA,"WAS 77 @ CON 84 - FINAL
K Samuelson (WAS): 18 PTS, 3 REB, 4 AST
D Bonner (CON): 22 PTS, 6 REB, 1 AST","yes",2240,1,1,1,"2024-06-07 09:05:20.000 Z",0.000446428571428571
"May 20, 2024 7:02:49 PM","SEND2 I:START_GAME  IO:OR EO:OR",NA,"CON @ IND - START
Tune in to ESPN, WNBA League Pass to watch live!","yes",2397,66,66,1,"2024-06-07 09:05:20.000 Z",0.0275344180225282
"May 20, 2024 7:23:54 PM","SEND2 I:END_QUARTER  IO:OR EO:OR",NA,"CON 26 @ IND 26 - END 1ST
A Thomas (CON): 11 PTS, 6 REB, 1 AST
C Clark (IND): 8 PTS, 1 REB","yes",2285,51,51,1,"2024-06-07 09:05:20.000 Z",0.0223194748358862
"May 20, 2024 7:53:59 PM","SEND2 I:END_QUARTER  IO:OR EO:OR",NA,"CON 41 @ IND 44 - HALF
A Thomas (CON): 14 PTS, 9 REB, 3 AST
K Mitchell (IND): 12 PTS, 3 AST","yes",2282,79,79,1,"2024-06-07 09:05:20.000 Z",0.0346187554776512
"May 20, 2024 8:33:01 PM","SEND2 I:END_QUARTER  IO:OR EO:OR",NA,"CON 64 @ IND 61 - END 3RD
A Thomas (CON): 20 PTS, 12 REB, 7 AST
K Mitchell (IND): 15 PTS, 4 AST","yes",2283,61,61,1,"2024-06-07 09:05:20.000 Z",0.0267192290845379
"May 20, 2024 9:14:05 PM","SEND2 I:END_QUARTER  IO:OR EO:OR",NA,"CON 88 @ IND 84 - FINAL
A Thomas (CON): 24 PTS, 14 REB, 9 AST
C Clark (IND): 17 PTS, 3 REB, 5 AST","yes",2285,68,68,1,"2024-06-07 09:05:20.000 Z",0.0297592997811816
"May 20, 2024 9:14:05 PM","SEND2 I:END_GAME  IO:OR EO:OR",NA,"CON 88 @ IND 84 - FINAL
A Thomas (CON): 24 PTS, 14 REB, 9 AST
C Clark (IND): 17 PTS, 3 REB, 5 AST","yes",179,3,3,1,"2024-06-07 09:05:20.000 Z",0.0167597765363128
"May 20, 2024 8:33:01 PM","SEND2 I:END_QUARTER  IO:OR EO:OR",NA,"CON 64 @ IND 61 - END 3RD
A Thomas (CON): 20 PTS, 12 REB, 7 AST
K Mitchell (IND): 15 PTS, 4 AST","yes",2283,8,8,1,"2024-06-07 09:05:20.000 Z",0.00350416119141481
"May 20, 2024 9:14:05 PM","SEND2 I:END_QUARTER  IO:OR EO:OR",NA,"CON 88 @ IND 84 - FINAL
A Thomas (CON): 24 PTS, 14 REB, 9 AST
C Clark (IND): 17 PTS, 3 REB, 5 AST","yes",2285,63,63,1,"2024-06-07 09:05:20.000 Z",0.0275711159737418
"May 20, 2024 9:14:05 PM","SEND2 I:END_GAME  IO:OR EO:OR",NA,"CON 88 @ IND 84 - FINAL
A Thomas (CON): 24 PTS, 14 REB, 9 AST
C Clark (IND): 17 PTS, 3 REB, 5 AST","yes",179,4,4,1,"2024-06-07 09:05:20.000 Z",0.0223463687150838
"May 20, 2024 9:14:05 PM","SEND2 I:END_QUARTER  IO:OR EO:OR",NA,"CON 88 @ IND 84 - FINAL
A Thomas (CON): 24 PTS, 14 REB, 9 AST
C Clark (IND): 17 PTS, 3 REB, 5 AST","yes",2285,3,3,1,"2024-06-07 09:05:20.000 Z",0.00131291028446389
"May 23, 2024 7:03:11 PM","SEND2 I:START_GAME  IO:OR EO:OR",NA,"MIN @ CON - START
Tune in to NBC Sports Boston to watch live!","yes",2451,74,74,1,"2024-06-07 09:05:20.000 Z",0.0301917584659323
"May 23, 2024 7:21:20 PM","SEND2 I:END_QUARTER  IO:OR EO:OR",NA,"MIN 23 @ CON 14 - END 1ST
N Collier (MIN): 9 PTS, 2 REB
A Thomas (CON): 5 PTS","yes",2337,52,52,1,"2024-06-07 09:05:20.000 Z",0.0222507488232777
"May 23, 2024 7:48:48 PM","SEND2 I:END_QUARTER  IO:OR EO:OR",NA,"MIN 35 @ CON 37 - HALF
N Collier (MIN): 14 PTS, 5 REB, 1 AST
B Jones (CON): 11 PTS, 2 REB, 2 AST","yes",2342,41,41,1,"2024-06-07 09:05:20.000 Z",0.0175064047822374
"May 23, 2024 8:33:35 PM","SEND2 I:END_QUARTER  IO:OR EO:OR",NA,"MIN 51 @ CON 52 - END 3RD
N Collier (MIN): 20 PTS, 8 REB, 3 AST
D Bonner (CON): 13 PTS, 3 REB, 2 AST","yes",2346,44,44,1,"2024-06-07 09:05:20.000 Z",0.0187553282182438
"May 23, 2024 9:10:32 PM","SEND2 I:END_QUARTER  IO:OR EO:OR",NA,"MIN 72 @ CON 72 - END 4TH
N Collier (MIN): 28 PTS, 9 REB, 4 AST
D Bonner (CON): 18 PTS, 3 REB, 2 AST","yes",2349,55,55,1,"2024-06-07 09:05:20.000 Z",0.0234142188165177
"May 23, 2024 9:35:34 PM","SEND2 I:END_GAME  IO:OR EO:OR",NA,"MIN 82 @ CON 83 - FINAL/OT
N Collier (MIN): 31 PTS, 11 REB, 4 AST
D Bonner (CON): 20 PTS, 3 REB, 2 AST","yes",182,3,3,1,"2024-06-07 09:05:20.000 Z",0.0164835164835165
"May 23, 2024 9:35:34 PM","SEND2 I:END_QUARTER  IO:OR EO:OR",NA,"MIN 82 @ CON 83 - FINAL/OT
N Collier (MIN): 31 PTS, 11 REB, 4 AST
D Bonner (CON): 20 PTS, 3 REB, 2 AST","yes",2349,51,51,1,"2024-06-07 09:05:20.000 Z",0.0217113665389527
"May 23, 2024 9:35:34 PM","SEND2 I:END_QUARTER  IO:OR EO:OR",NA,"MIN 82 @ CON 83 - FINAL/OT
N Collier (MIN): 31 PTS, 11 REB, 4 AST
D Bonner (CON): 20 PTS, 3 REB, 2 AST","yes",2349,4,4,1,"2024-06-07 09:05:20.000 Z",0.00170285227756492
"May 23, 2024 9:35:34 PM","SEND2 I:END_QUARTER  IO:OR EO:OR",NA,"MIN 82 @ CON 83 - FINAL/OT
N Collier (MIN): 31 PTS, 11 REB, 4 AST
D Bonner (CON): 20 PTS, 3 REB, 2 AST","yes",2349,1,1,1,"2024-06-07 09:05:20.000 Z",0.00042571306939123
"May 25, 2024 8:03:00 PM","SEND2 I:START_GAME  IO:OR EO:OR",NA,"CON @ CHI - START
Tune in to NBC Sports Boston to watch live!","yes",2495,70,70,1,"2024-06-07 09:05:20.000 Z",0.0280561122244489
"May 25, 2024 8:21:36 PM","SEND2 I:END_QUARTER  IO:OR EO:OR",NA,"CON 23 @ CHI 24 - END 1ST
A Thomas (CON): 8 PTS, 3 REB, 3 AST
A Reese (CHI): 6 PTS, 2 REB","yes",2374,53,53,1,"2024-06-07 09:05:20.000 Z",0.0223251895534962
"May 25, 2024 8:55:08 PM","SEND2 I:END_QUARTER  IO:OR EO:OR",NA,"CON 42 @ CHI 50 - HALF
D Carrington (CON): 10 PTS, 4 REB, 1 AST
A Reese (CHI): 10 PTS, 2 REB, 1 AST","yes",2376,51,51,1,"2024-06-07 09:05:20.000 Z",0.0214646464646465
"May 25, 2024 9:33:15 PM","SEND2 I:END_QUARTER  IO:OR EO:OR",NA,"CON 69 @ CHI 67 - END 3RD
D Carrington (CON): 15 PTS, 6 REB, 1 AST
M Mabrey (CHI): 18 PTS, 4 REB, 1 AST","yes",2376,54,53,0.98,"2024-06-07 09:05:20.000 Z",0.0223063973063973
"May 25, 2024 10:18:22 PM","SEND2 I:END_GAME  IO:OR EO:OR",NA,"CON 86 @ CHI 82 - FINAL
D Bonner (CON): 19 PTS, 8 REB, 3 AST
M Mabrey (CHI): 23 PTS, 5 REB, 4 AST","yes",189,6,6,1,"2024-06-07 09:05:20.000 Z",0.0317460317460317
"May 25, 2024 10:18:22 PM","SEND2 I:END_QUARTER  IO:OR EO:OR",NA,"CON 86 @ CHI 82 - FINAL
D Bonner (CON): 19 PTS, 8 REB, 3 AST
M Mabrey (CHI): 23 PTS, 5 REB, 4 AST","yes",2376,61,61,1,"2024-06-07 09:05:20.000 Z",0.0256734006734007
"May 25, 2024 8:03:00 PM","SEND2 I:START_GAME  IO:OR EO:OR",NA,"CON @ CHI - START
Tune in to NBC Sports Boston to watch live!","yes",2495,1,1,1,"2024-06-07 09:05:20.000 Z",0.000400801603206413
"May 25, 2024 8:21:36 PM","SEND2 I:END_QUARTER  IO:OR EO:OR",NA,"CON 23 @ CHI 24 - END 1ST
A Thomas (CON): 8 PTS, 3 REB, 3 AST
A Reese (CHI): 6 PTS, 2 REB","yes",2374,1,1,1,"2024-06-07 09:05:20.000 Z",0.0004212299915754
"May 25, 2024 8:55:08 PM","SEND2 I:END_QUARTER  IO:OR EO:OR",NA,"CON 42 @ CHI 50 - HALF
D Carrington (CON): 10 PTS, 4 REB, 1 AST
A Reese (CHI): 10 PTS, 2 REB, 1 AST","yes",2376,1,1,1,"2024-06-07 09:05:20.000 Z",0.000420875420875421
"May 25, 2024 9:33:15 PM","SEND2 I:END_QUARTER  IO:OR EO:OR",NA,"CON 69 @ CHI 67 - END 3RD
D Carrington (CON): 15 PTS, 6 REB, 1 AST
M Mabrey (CHI): 18 PTS, 4 REB, 1 AST","yes",2376,5,5,1,"2024-06-07 09:05:20.000 Z",0.0021043771043771
"May 25, 2024 10:18:22 PM","SEND2 I:END_GAME  IO:OR EO:OR",NA,"CON 86 @ CHI 82 - FINAL
D Bonner (CON): 19 PTS, 8 REB, 3 AST
M Mabrey (CHI): 23 PTS, 5 REB, 4 AST","yes",189,2,2,1,"2024-06-07 09:05:20.000 Z",0.0105820105820106
"May 25, 2024 10:18:22 PM","SEND2 I:END_QUARTER  IO:OR EO:OR",NA,"CON 86 @ CHI 82 - FINAL
D Bonner (CON): 19 PTS, 8 REB, 3 AST
M Mabrey (CHI): 23 PTS, 5 REB, 4 AST","yes",2376,22,22,1,"2024-06-07 09:05:20.000 Z",0.00925925925925926
"May 25, 2024 8:21:36 PM","SEND2 I:END_QUARTER  IO:OR EO:OR",NA,"CON 23 @ CHI 24 - END 1ST
A Thomas (CON): 8 PTS, 3 REB, 3 AST
A Reese (CHI): 6 PTS, 2 REB","yes",2374,1,1,1,"2024-06-07 09:05:20.000 Z",0.0004212299915754
"May 25, 2024 8:55:08 PM","SEND2 I:END_QUARTER  IO:OR EO:OR",NA,"CON 42 @ CHI 50 - HALF
D Carrington (CON): 10 PTS, 4 REB, 1 AST
A Reese (CHI): 10 PTS, 2 REB, 1 AST","yes",2376,1,1,1,"2024-06-07 09:05:20.000 Z",0.000420875420875421
"May 25, 2024 9:33:15 PM","SEND2 I:END_QUARTER  IO:OR EO:OR",NA,"CON 69 @ CHI 67 - END 3RD
D Carrington (CON): 15 PTS, 6 REB, 1 AST
M Mabrey (CHI): 18 PTS, 4 REB, 1 AST","yes",2376,1,1,1,"2024-06-07 09:05:20.000 Z",0.000420875420875421
"May 25, 2024 10:18:22 PM","SEND2 I:END_QUARTER  IO:OR EO:OR",NA,"CON 86 @ CHI 82 - FINAL
D Bonner (CON): 19 PTS, 8 REB, 3 AST
M Mabrey (CHI): 23 PTS, 5 REB, 4 AST","yes",2376,1,1,1,"2024-06-07 09:05:20.000 Z",0.000420875420875421
"May 28, 2024 7:03:14 PM","SEND2 I:START_GAME  IO:OR EO:OR",NA,"PHO @ CON - START
Tune in to NBC Sports Boston to watch live!","yes",2538,50,50,1,"2024-06-07 09:05:20.000 Z",0.0197005516154452
"May 28, 2024 7:25:52 PM","SEND2 I:END_QUARTER  IO:OR EO:OR",NA,"PHO 13 @ CON 15 - END 1ST
N Cloud (PHO): 6 PTS, 1 REB
B Jones (CON): 6 PTS, 1 REB","yes",2415,42,42,1,"2024-06-07 09:05:20.000 Z",0.0173913043478261
"May 28, 2024 7:53:30 PM","SEND2 I:END_QUARTER  IO:OR EO:OR",NA,"PHO 25 @ CON 38 - HALF
N Cloud (PHO): 7 PTS, 2 REB, 3 AST
D Bonner (CON): 11 PTS, 2 REB, 2 AST","yes",2417,42,42,1,"2024-06-07 09:05:20.000 Z",0.0173769135291684
"May 28, 2024 8:30:31 PM","SEND2 I:END_QUARTER  IO:OR EO:OR",NA,"PHO 35 @ CON 53 - END 3RD
N Cloud (PHO): 9 PTS, 4 REB, 3 AST
B Jones (CON): 14 PTS, 4 REB","yes",2417,31,31,1,"2024-06-07 09:05:20.000 Z",0.0128258171286719
"May 28, 2024 8:59:40 PM","SEND2 I:END_GAME  IO:OR EO:OR",NA,"PHO 47 @ CON 70 - FINAL
N Cloud (PHO): 9 PTS, 4 REB, 3 AST
D Bonner (CON): 19 PTS, 3 REB, 3 AST","yes",191,3,3,1,"2024-06-07 09:05:20.000 Z",0.0157068062827225
"May 28, 2024 8:59:40 PM","SEND2 I:END_QUARTER  IO:OR EO:OR",NA,"PHO 47 @ CON 70 - FINAL
N Cloud (PHO): 9 PTS, 4 REB, 3 AST
D Bonner (CON): 19 PTS, 3 REB, 3 AST","yes",2417,50,50,1,"2024-06-07 09:05:20.000 Z",0.0206868018204386
"May 28, 2024 10:10:04 PM","SEND2 I:NEWS,START_GAME,END_QUARTER,END_GAME,TEAM_NEWS,NEWS E: IO:OR EO:OR",NA,"Came to the game tonight? Tell us about your experience!","yes",2595,131,131,1,"2024-06-07 09:05:20.000 Z",0.0504816955684008
"May 28, 2024 7:53:30 PM","SEND2 I:END_QUARTER  IO:OR EO:OR",NA,"PHO 25 @ CON 38 - HALF
N Cloud (PHO): 7 PTS, 2 REB, 3 AST
D Bonner (CON): 11 PTS, 2 REB, 2 AST","yes",2417,2,2,1,"2024-06-07 09:05:20.000 Z",0.000827472072817542
"May 28, 2024 8:30:31 PM","SEND2 I:END_QUARTER  IO:OR EO:OR",NA,"PHO 35 @ CON 53 - END 3RD
N Cloud (PHO): 9 PTS, 4 REB, 3 AST
B Jones (CON): 14 PTS, 4 REB","yes",2417,1,1,1,"2024-06-07 09:05:20.000 Z",0.000413736036408771
"May 28, 2024 8:59:40 PM","SEND2 I:END_GAME  IO:OR EO:OR",NA,"PHO 47 @ CON 70 - FINAL
N Cloud (PHO): 9 PTS, 4 REB, 3 AST
D Bonner (CON): 19 PTS, 3 REB, 3 AST","yes",191,1,1,1,"2024-06-07 09:05:20.000 Z",0.00523560209424084
"May 28, 2024 8:59:40 PM","SEND2 I:END_QUARTER  IO:OR EO:OR",NA,"PHO 47 @ CON 70 - FINAL
N Cloud (PHO): 9 PTS, 4 REB, 3 AST
D Bonner (CON): 19 PTS, 3 REB, 3 AST","yes",2417,7,7,1,"2024-06-07 09:05:20.000 Z",0.0028961522548614
"May 28, 2024 10:10:04 PM","SEND2 I:NEWS,START_GAME,END_QUARTER,END_GAME,TEAM_NEWS,NEWS E: IO:OR EO:OR",NA,"Came to the game tonight? Tell us about your experience!","yes",2595,36,36,1,"2024-06-07 09:05:20.000 Z",0.0138728323699422
"May 28, 2024 10:10:04 PM","SEND2 I:NEWS,START_GAME,END_QUARTER,END_GAME,TEAM_NEWS,NEWS E: IO:OR EO:OR",NA,"Came to the game tonight? Tell us about your experience!","yes",2595,2,2,1,"2024-06-07 09:05:20.000 Z",0.000770712909441233
"May 28, 2024 10:10:04 PM","SEND2 I:NEWS,START_GAME,END_QUARTER,END_GAME,TEAM_NEWS,NEWS E: IO:OR EO:OR",NA,"Came to the game tonight? Tell us about your experience!","yes",2595,1,1,1,"2024-06-07 09:05:20.000 Z",0.000385356454720617
"May 31, 2024 7:34:13 PM","SEND2 I:START_GAME  IO:OR EO:OR",NA,"DAL @ CON - START
Tune in to ION, WNBA League Pass to watch live!","yes",2597,44,44,1,"2024-06-07 09:05:20.000 Z",0.0169426261070466
"May 31, 2024 7:53:57 PM","SEND2 I:END_QUARTER  IO:OR EO:OR",NA,"DAL 21 @ CON 18 - END 1ST
T McCowan (DAL): 8 PTS, 3 REB, 1 AST
T Mitchell (CON): 5 PTS, 1 REB","yes",2465,35,35,1,"2024-06-07 09:05:20.000 Z",0.0141987829614604
"May 31, 2024 8:19:36 PM","SEND2 I:END_QUARTER  IO:OR EO:OR",NA,"DAL 34 @ CON 40 - HALF
A Ogunbowale (DAL): 11 PTS, 3 REB, 4 AST
B Jones (CON): 8 PTS, 1 REB, 1 AST","yes",2466,38,38,1,"2024-06-07 09:05:20.000 Z",0.0154095701540957
"May 31, 2024 8:54:19 PM","SEND2 I:END_QUARTER  IO:OR EO:OR",NA,"DAL 50 @ CON 59 - END 3RD
A Ogunbowale (DAL): 17 PTS, 4 REB, 6 AST
B Jones (CON): 18 PTS, 3 REB, 1 AST","yes",2466,56,56,1,"2024-06-07 09:05:20.000 Z",0.0227088402270884
"May 31, 2024 9:45:11 PM","SEND2 I:END_QUARTER  IO:OR EO:OR",NA,"DAL 72 @ CON 74 - FINAL
A Ogunbowale (DAL): 21 PTS, 4 REB, 7 AST
B Jones (CON): 22 PTS, 4 REB, 1 AST","yes",2469,56,56,1,"2024-06-07 09:05:20.000 Z",0.0226812474686108
"May 31, 2024 9:45:11 PM","SEND2 I:END_GAME  IO:OR EO:OR",NA,"DAL 72 @ CON 74 - FINAL
A Ogunbowale (DAL): 21 PTS, 4 REB, 7 AST
B Jones (CON): 22 PTS, 4 REB, 1 AST","yes",197,5,5,1,"2024-06-07 09:05:20.000 Z",0.0253807106598985
"May 31, 2024 9:45:11 PM","SEND2 I:END_QUARTER  IO:OR EO:OR",NA,"DAL 72 @ CON 74 - FINAL
A Ogunbowale (DAL): 21 PTS, 4 REB, 7 AST
B Jones (CON): 22 PTS, 4 REB, 1 AST","yes",2469,5,5,1,"2024-06-07 09:05:20.000 Z",0.00202511138112596
"May 31, 2024 9:45:11 PM","SEND2 I:END_GAME  IO:OR EO:OR",NA,"DAL 72 @ CON 74 - FINAL
A Ogunbowale (DAL): 21 PTS, 4 REB, 7 AST
B Jones (CON): 22 PTS, 4 REB, 1 AST","yes",197,1,1,1,"2024-06-07 09:05:20.000 Z",0.0050761421319797
"Jun 2, 2024 3:03:35 PM","SEND2 I:START_GAME  IO:OR EO:OR",NA,"CON @ ATL - START
Tune in to NBC Sports Boston to watch live!","yes",2623,73,73,1,"2024-06-07 09:05:20.000 Z",0.0278307281738467
"Jun 2, 2024 3:21:55 PM","SEND2 I:END_QUARTER  IO:OR EO:OR",NA,"CON 17 @ ATL 17 - END 1ST
A Thomas (CON): 4 PTS, 7 REB, 2 AST
T Charles (ATL): 4 PTS, 4 REB, 1 AST","yes",2488,67,67,1,"2024-06-07 09:05:20.000 Z",0.0269292604501608
"Jun 2, 2024 3:50:50 PM","SEND2 I:END_QUARTER  IO:OR EO:OR",NA,"CON 39 @ ATL 27 - HALF
D Bonner (CON): 14 PTS, 8 REB, 1 AST
T Charles (ATL): 8 PTS, 7 REB, 1 AST","yes",2489,65,65,1,"2024-06-07 09:05:20.000 Z",0.0261149055845721
"Jun 2, 2024 4:30:16 PM","SEND2 I:END_QUARTER  IO:OR EO:OR",NA,"CON 57 @ ATL 43 - END 3RD
D Bonner (CON): 18 PTS, 8 REB, 1 AST
A Gray (ATL): 9 PTS, 3 REB, 1 AST","yes",2488,76,76,1,"2024-06-07 09:05:20.000 Z",0.0305466237942122
"Jun 2, 2024 5:05:55 PM","SEND2 I:END_QUARTER  IO:OR EO:OR",NA,"CON 69 @ ATL 50 - FINAL
D Bonner (CON): 18 PTS, 10 REB, 1 AST
T Charles (ATL): 12 PTS, 12 REB, 1 AST","yes",2488,95,95,1,"2024-06-07 09:05:20.000 Z",0.0381832797427653
"Jun 2, 2024 5:05:55 PM","SEND2 I:END_GAME  IO:OR EO:OR",NA,"CON 69 @ ATL 50 - FINAL
D Bonner (CON): 18 PTS, 10 REB, 1 AST
T Charles (ATL): 12 PTS, 12 REB, 1 AST","yes",203,9,9,1,"2024-06-07 09:05:20.000 Z",0.0443349753694581
"Jun 2, 2024 3:50:50 PM","SEND2 I:END_QUARTER  IO:OR EO:OR",NA,"CON 39 @ ATL 27 - HALF
D Bonner (CON): 14 PTS, 8 REB, 1 AST
T Charles (ATL): 8 PTS, 7 REB, 1 AST","yes",2489,1,1,1,"2024-06-07 09:05:20.000 Z",0.000401767778224186
"Jun 2, 2024 5:05:55 PM","SEND2 I:END_QUARTER  IO:OR EO:OR",NA,"CON 69 @ ATL 50 - FINAL
D Bonner (CON): 18 PTS, 10 REB, 1 AST
T Charles (ATL): 12 PTS, 12 REB, 1 AST","yes",2488,4,4,1,"2024-06-07 09:05:20.000 Z",0.00160771704180064
"Jun 2, 2024 5:05:55 PM","SEND2 I:END_GAME  IO:OR EO:OR",NA,"CON 69 @ ATL 50 - FINAL
D Bonner (CON): 18 PTS, 10 REB, 1 AST
T Charles (ATL): 12 PTS, 12 REB, 1 AST","yes",203,1,1,1,"2024-06-07 09:05:20.000 Z",0.00492610837438424
"Jun 2, 2024 5:05:55 PM","SEND2 I:END_QUARTER  IO:OR EO:OR",NA,"CON 69 @ ATL 50 - FINAL
D Bonner (CON): 18 PTS, 10 REB, 1 AST
T Charles (ATL): 12 PTS, 12 REB, 1 AST","yes",2488,1,1,1,"2024-06-07 09:05:20.000 Z",0.000401929260450161
"Jun 2, 2024 5:05:55 PM","SEND2 I:END_GAME  IO:OR EO:OR",NA,"CON 69 @ ATL 50 - FINAL
D Bonner (CON): 18 PTS, 10 REB, 1 AST
T Charles (ATL): 12 PTS, 12 REB, 1 AST","yes",203,1,1,1,"2024-06-07 09:05:20.000 Z",0.00492610837438424
"Jun 4, 2024 7:03:14 PM","SEND2 I:START_GAME  IO:OR EO:OR",NA,"WAS @ CON - START
Tune in to NBC Sports Boston to watch live!","yes",2659,57,57,1,"2024-06-07 09:05:20.000 Z",0.0214366303121474
"Jun 4, 2024 7:22:06 PM","SEND2 I:END_QUARTER  IO:OR EO:OR",NA,"WAS 18 @ CON 19 - END 1ST
A Edwards (WAS): 6 PTS, 3 REB
D Bonner (CON): 10 PTS, 1 REB, 1 AST","yes",2522,43,43,1,"2024-06-07 09:05:20.000 Z",0.0170499603489294
"Jun 4, 2024 7:47:20 PM","SEND2 I:END_QUARTER  IO:OR EO:OR",NA,"WAS 33 @ CON 32 - HALF
A Edwards (WAS): 10 PTS, 5 REB
D Bonner (CON): 10 PTS, 3 REB, 1 AST","yes",2526,53,53,1,"2024-06-07 09:05:20.000 Z",0.0209817893903405
"Jun 4, 2024 8:26:49 PM","SEND2 I:END_QUARTER  IO:OR EO:OR",NA,"WAS 43 @ CON 58 - END 3RD
A Edwards (WAS): 12 PTS, 7 REB
D Bonner (CON): 16 PTS, 7 REB, 3 AST","yes",2528,48,48,1,"2024-06-07 09:05:20.000 Z",0.0189873417721519
"Jun 4, 2024 9:01:04 PM","SEND2 I:END_GAME  IO:OR EO:OR",NA,"WAS 59 @ CON 76 - FINAL
A Edwards (WAS): 14 PTS, 9 REB
D Bonner (CON): 20 PTS, 8 REB, 3 AST","yes",202,4,4,1,"2024-06-07 09:05:20.000 Z",0.0198019801980198
"Jun 4, 2024 9:01:05 PM","SEND2 I:END_QUARTER  IO:OR EO:OR",NA,"WAS 59 @ CON 76 - FINAL
A Edwards (WAS): 14 PTS, 9 REB
D Bonner (CON): 20 PTS, 8 REB, 3 AST","yes",2529,41,41,1,"2024-06-07 09:05:20.000 Z",0.0162119414788454
"Jun 4, 2024 7:22:06 PM","SEND2 I:END_QUARTER  IO:OR EO:OR",NA,"WAS 18 @ CON 19 - END 1ST
A Edwards (WAS): 6 PTS, 3 REB
D Bonner (CON): 10 PTS, 1 REB, 1 AST","yes",2522,2,2,1,"2024-06-07 09:05:20.000 Z",0.000793021411578113
"Jun 4, 2024 7:47:20 PM","SEND2 I:END_QUARTER  IO:OR EO:OR",NA,"WAS 33 @ CON 32 - HALF
A Edwards (WAS): 10 PTS, 5 REB
D Bonner (CON): 10 PTS, 3 REB, 1 AST","yes",2526,1,1,1,"2024-06-07 09:05:20.000 Z",0.000395882818685669
"Jun 4, 2024 9:01:05 PM","SEND2 I:END_QUARTER  IO:OR EO:OR",NA,"WAS 59 @ CON 76 - FINAL
A Edwards (WAS): 14 PTS, 9 REB
D Bonner (CON): 20 PTS, 8 REB, 3 AST","yes",2529,5,5,1,"2024-06-07 09:05:20.000 Z",0.00197706603400554
"Jun 4, 2024 8:26:49 PM","SEND2 I:END_QUARTER  IO:OR EO:OR",NA,"WAS 43 @ CON 58 - END 3RD
A Edwards (WAS): 12 PTS, 7 REB
D Bonner (CON): 16 PTS, 7 REB, 3 AST","yes",2528,1,1,1,"2024-06-07 09:05:20.000 Z",0.000395569620253165
"Jun 4, 2024 9:01:05 PM","SEND2 I:END_QUARTER  IO:OR EO:OR",NA,"WAS 59 @ CON 76 - FINAL
A Edwards (WAS): 14 PTS, 9 REB
D Bonner (CON): 20 PTS, 8 REB, 3 AST","yes",2529,1,1,1,"2024-06-07 09:05:20.000 Z",0.000395413206801107
"Jun 8, 2024 3:07:12 PM","SEND2 I:END_QUARTER  IO:OR EO:OR",NA,"NYL 82 @ CON 75 - FINAL
S Ionescu (NYL): 24 PTS, 3 REB, 5 AST
D Bonner (CON): 16 PTS, 8 REB, 3 AST","yes",2590,5,5,1,"2024-06-11 09:03:05.000 Z",0.00193050193050193
"Jun 8, 2024 3:07:12 PM","SEND2 I:END_QUARTER  IO:OR EO:OR",NA,"NYL 82 @ CON 75 - FINAL
S Ionescu (NYL): 24 PTS, 3 REB, 5 AST
D Bonner (CON): 16 PTS, 8 REB, 3 AST","yes",2590,3,3,1,"2024-06-11 09:03:05.000 Z",0.00115830115830116
"Jun 10, 2024 7:03:14 PM","SEND2 I:START_GAME  IO:OR EO:OR",NA,"IND @ CON - START
Tune in to NBC Sports Boston to watch live!","yes",2767,41,41,1,"2024-06-11 09:03:05.000 Z",0.0148174918684496
"Jun 10, 2024 7:21:59 PM","SEND2 I:END_QUARTER  IO:OR EO:OR",NA,"IND 15 @ CON 26 - END 1ST
C Clark (IND): 5 PTS, 1 AST
D Bonner (CON): 8 PTS, 1 REB","yes",2629,42,42,1,"2024-06-11 09:03:05.000 Z",0.0159756561430202
"Jun 10, 2024 7:53:01 PM","SEND2 I:END_QUARTER  IO:OR EO:OR",NA,"IND 35 @ CON 55 - HALF
C Clark (IND): 10 PTS, 1 AST
D Bonner (CON): 15 PTS, 2 REB","yes",2630,47,47,1,"2024-06-11 09:03:05.000 Z",0.0178707224334601
"Jun 10, 2024 8:31:12 PM","SEND2 I:END_QUARTER  IO:OR EO:OR",NA,"IND 56 @ CON 80 - END 3RD
C Clark (IND): 10 PTS, 2 AST
D Bonner (CON): 17 PTS, 2 REB","yes",2632,45,45,1,"2024-06-11 09:03:05.000 Z",0.01709726443769
"Jun 10, 2024 8:59:57 PM","SEND2 I:END_GAME  IO:OR EO:OR",NA,"IND 72 @ CON 89 - FINAL
A Boston (IND): 14 PTS, 12 REB, 5 AST
D Carrington (CON): 22 PTS, 6 REB, 3 AST","yes",206,1,1,1,"2024-06-11 09:03:05.000 Z",0.00485436893203883
"Jun 10, 2024 8:59:57 PM","SEND2 I:END_QUARTER  IO:OR EO:OR",NA,"IND 72 @ CON 89 - FINAL
A Boston (IND): 14 PTS, 12 REB, 5 AST
D Carrington (CON): 22 PTS, 6 REB, 3 AST","yes",2635,54,54,1,"2024-06-11 09:03:05.000 Z",0.0204933586337761
"Jun 10, 2024 7:53:01 PM","SEND2 I:END_QUARTER  IO:OR EO:OR",NA,"IND 35 @ CON 55 - HALF
C Clark (IND): 10 PTS, 1 AST
D Bonner (CON): 15 PTS, 2 REB","yes",2630,1,1,1,"2024-06-13 09:03:12.000 Z",0.000380228136882129
"Jun 10, 2024 8:59:57 PM","SEND2 I:END_QUARTER  IO:OR EO:OR",NA,"IND 72 @ CON 89 - FINAL
A Boston (IND): 14 PTS, 12 REB, 5 AST
D Carrington (CON): 22 PTS, 6 REB, 3 AST","yes",2635,3,3,1,"2024-06-13 09:03:12.000 Z",0.00113851992409867
"Jun 12, 2024 8:03:01 PM","SEND2 I:START_GAME  IO:OR EO:OR",NA,"CON @ CHI - START
Tune in to NECN to watch live!","yes",2805,173,173,1,"2024-06-19 09:03:26.000 Z",0.0616755793226381
"Jun 12, 2024 8:25:28 PM","SEND2 I:END_QUARTER  IO:OR EO:OR",NA,"CON 20 @ CHI 22 - END 1ST
A Thomas (CON): 6 PTS, 4 REB, 2 AST
C Carter (CHI): 6 PTS, 1 REB, 2 AST","yes",2663,187,187,1,"2024-06-19 09:03:26.000 Z",0.0702215546376267
"Jun 12, 2024 8:55:16 PM","SEND2 I:END_QUARTER  IO:OR EO:OR",NA,"CON 40 @ CHI 38 - HALF
B Jones (CON): 14 PTS, 2 REB
K Cardoso (CHI): 8 PTS, 4 REB","yes",2663,317,317,1,"2024-06-19 09:03:26.000 Z",0.119038678182501
"Jun 12, 2024 9:36:32 PM","SEND2 I:END_QUARTER  IO:OR EO:OR",NA,"CON 60 @ CHI 55 - END 3RD
B Jones (CON): 14 PTS, 3 REB
A Reese (CHI): 14 PTS, 7 REB, 1 AST","yes",2665,257,257,1,"2024-06-19 09:03:26.000 Z",0.0964352720450281
"Jun 12, 2024 10:08:06 PM","SEND2 I:END_GAME  IO:OR EO:OR",NA,"CON 83 @ CHI 75 - FINAL
A Thomas (CON): 20 PTS, 7 REB, 4 AST
A Reese (CHI): 20 PTS, 10 REB, 1 AST","yes",208,32,32,1,"2024-06-19 09:03:26.000 Z",0.153846153846154
"Jun 12, 2024 10:08:06 PM","SEND2 I:END_QUARTER  IO:OR EO:OR",NA,"CON 83 @ CHI 75 - FINAL
A Thomas (CON): 20 PTS, 7 REB, 4 AST
A Reese (CHI): 20 PTS, 10 REB, 1 AST","yes",2667,250,250,1,"2024-06-19 09:03:26.000 Z",0.0937382827146607
"Jun 12, 2024 9:36:32 PM","SEND2 I:END_QUARTER  IO:OR EO:OR",NA,"CON 60 @ CHI 55 - END 3RD
B Jones (CON): 14 PTS, 3 REB
A Reese (CHI): 14 PTS, 7 REB, 1 AST","yes",2665,3,3,1,"2024-06-19 09:03:26.000 Z",0.00112570356472795
"Jun 12, 2024 10:08:06 PM","SEND2 I:END_GAME  IO:OR EO:OR",NA,"CON 83 @ CHI 75 - FINAL
A Thomas (CON): 20 PTS, 7 REB, 4 AST
A Reese (CHI): 20 PTS, 10 REB, 1 AST","yes",208,1,1,1,"2024-06-19 09:03:26.000 Z",0.00480769230769231
"Jun 12, 2024 10:08:06 PM","SEND2 I:END_QUARTER  IO:OR EO:OR",NA,"CON 83 @ CHI 75 - FINAL
A Thomas (CON): 20 PTS, 7 REB, 4 AST
A Reese (CHI): 20 PTS, 10 REB, 1 AST","yes",2667,27,27,1,"2024-06-19 09:03:26.000 Z",0.0101237345331834
"Jun 12, 2024 8:03:01 PM","SEND2 I:START_GAME  IO:OR EO:OR",NA,"CON @ CHI - START
Tune in to NECN to watch live!","yes",2805,1,1,1,"2024-06-19 09:03:26.000 Z",0.00035650623885918
"Jun 12, 2024 9:36:32 PM","SEND2 I:END_QUARTER  IO:OR EO:OR",NA,"CON 60 @ CHI 55 - END 3RD
B Jones (CON): 14 PTS, 3 REB
A Reese (CHI): 14 PTS, 7 REB, 1 AST","yes",2665,1,1,1,"2024-06-19 09:03:26.000 Z",0.000375234521575985
"Jun 12, 2024 10:08:06 PM","SEND2 I:END_QUARTER  IO:OR EO:OR",NA,"CON 83 @ CHI 75 - FINAL
A Thomas (CON): 20 PTS, 7 REB, 4 AST
A Reese (CHI): 20 PTS, 10 REB, 1 AST","yes",2667,1,1,1,"2024-06-19 09:03:26.000 Z",0.000374953130858643
"Jun 10, 2024 8:59:57 PM","SEND2 I:END_GAME  IO:OR EO:OR",NA,"IND 72 @ CON 89 - FINAL
A Boston (IND): 14 PTS, 12 REB, 5 AST
D Carrington (CON): 22 PTS, 6 REB, 3 AST","yes",206,1,1,1,"2024-06-19 09:03:26.000 Z",0.00485436893203883
"Jun 15, 2024 1:03:42 PM","SEND2 I:START_GAME  IO:OR EO:OR",NA,"CON @ DAL - START
Tune in to CBS, WNBA League Pass to watch live!","yes",2831,63,63,1,"2024-06-19 09:03:26.000 Z",0.0222536206287531
"Jun 15, 2024 1:27:05 PM","SEND2 I:END_QUARTER  IO:OR EO:OR",NA,"CON 27 @ DAL 17 - END 1ST
D Carrington (CON): 8 PTS, 1 REB, 1 AST
A Ogunbowale (DAL): 6 PTS, 1 REB, 1 AST","yes",2684,47,47,1,"2024-06-19 09:03:26.000 Z",0.0175111773472429
"Jun 15, 2024 1:50:50 PM","SEND2 I:END_QUARTER  IO:OR EO:OR",NA,"CON 43 @ DAL 33 - HALF
B Jones (CON): 10 PTS, 7 REB, 1 AST
T McCowan (DAL): 8 PTS, 4 REB","yes",2684,34,34,1,"2024-06-19 09:03:26.000 Z",0.0126676602086438
"Jun 15, 2024 2:34:18 PM","SEND2 I:END_QUARTER  IO:OR EO:OR",NA,"CON 68 @ DAL 46 - END 3RD
D Carrington (CON): 14 PTS, 1 REB, 1 AST
M Siegrist (DAL): 12 PTS, 2 REB","yes",2686,52,52,1,"2024-06-19 09:03:26.000 Z",0.0193596425912137
"Jun 15, 2024 3:15:05 PM","SEND2 I:END_GAME  IO:OR EO:OR",NA,"CON 85 @ DAL 67 - FINAL
R Banham (CON): 16 PTS, 3 REB, 2 AST
T McCowan (DAL): 16 PTS, 10 REB, 2 AST","yes",213,5,5,1,"2024-06-19 09:03:26.000 Z",0.0234741784037559
"Jun 15, 2024 3:15:05 PM","SEND2 I:END_QUARTER  IO:OR EO:OR",NA,"CON 85 @ DAL 67 - FINAL
R Banham (CON): 16 PTS, 3 REB, 2 AST
T McCowan (DAL): 16 PTS, 10 REB, 2 AST","yes",2688,64,64,1,"2024-06-19 09:03:26.000 Z",0.0238095238095238
"Jun 15, 2024 1:50:50 PM","SEND2 I:END_QUARTER  IO:OR EO:OR",NA,"CON 43 @ DAL 33 - HALF
B Jones (CON): 10 PTS, 7 REB, 1 AST
T McCowan (DAL): 8 PTS, 4 REB","yes",2684,19,19,1,"2024-06-19 09:03:26.000 Z",0.00707898658718331
"Jun 15, 2024 2:34:18 PM","SEND2 I:END_QUARTER  IO:OR EO:OR",NA,"CON 68 @ DAL 46 - END 3RD
D Carrington (CON): 14 PTS, 1 REB, 1 AST
M Siegrist (DAL): 12 PTS, 2 REB","yes",2686,1,1,1,"2024-06-19 09:03:26.000 Z",0.000372300819061802
"Jun 15, 2024 3:15:05 PM","SEND2 I:END_QUARTER  IO:OR EO:OR",NA,"CON 85 @ DAL 67 - FINAL
R Banham (CON): 16 PTS, 3 REB, 2 AST
T McCowan (DAL): 16 PTS, 10 REB, 2 AST","yes",2688,23,23,1,"2024-06-19 09:03:26.000 Z",0.00855654761904762
"Jun 15, 2024 3:15:05 PM","SEND2 I:END_QUARTER  IO:OR EO:OR",NA,"CON 85 @ DAL 67 - FINAL
R Banham (CON): 16 PTS, 3 REB, 2 AST
T McCowan (DAL): 16 PTS, 10 REB, 2 AST","yes",2688,1,1,1,"2024-06-19 09:03:26.000 Z",0.00037202380952381
"Jun 18, 2024 7:23:11 PM","SEND2 I:END_QUARTER  IO:OR EO:OR",NA,"LAS 14 @ CON 18 - END 1ST
A McDonald (LAS): 5 PTS, 1 REB, 2 AST
B Jones (CON): 7 PTS, 1 REB, 1 AST","yes",2723,1,1,1,"2024-06-24 23:09:03.000 Z",0.000367242012486228
"Jun 18, 2024 8:31:25 PM","SEND2 I:END_QUARTER  IO:OR EO:OR",NA,"LAS 48 @ CON 63 - END 3RD
A McDonald (LAS): 10 PTS, 2 REB, 6 AST
D Bonner (CON): 14 PTS, 3 REB, 1 AST","yes",2725,2,2,1,"2024-06-24 23:09:03.000 Z",0.00073394495412844
"Jun 18, 2024 9:02:37 PM","SEND2 I:END_QUARTER  IO:OR EO:OR",NA,"LAS 70 @ CON 79 - FINAL
A McDonald (LAS): 14 PTS, 4 REB, 7 AST
D Bonner (CON): 16 PTS, 7 REB, 1 AST","yes",2724,4,4,1,"2024-06-24 23:09:03.000 Z",0.00146842878120411
"Jun 18, 2024 9:02:37 PM","SEND2 I:END_QUARTER  IO:OR EO:OR",NA,"LAS 70 @ CON 79 - FINAL
A McDonald (LAS): 14 PTS, 4 REB, 7 AST
D Bonner (CON): 16 PTS, 7 REB, 1 AST","yes",2724,1,1,1,"2024-06-24 23:09:03.000 Z",0.000367107195301028
"Jun 18, 2024 9:02:37 PM","SEND2 I:END_QUARTER  IO:OR EO:OR",NA,"LAS 70 @ CON 79 - FINAL
A McDonald (LAS): 14 PTS, 4 REB, 7 AST
D Bonner (CON): 16 PTS, 7 REB, 1 AST","yes",2724,35,35,1,"2024-06-24 23:09:03.000 Z",0.012848751835536
"Jun 21, 2024 10:02:42 PM","SEND2 I:START_GAME  IO:OR EO:OR",NA,"CON @ LVA - START
Tune in to ION, WNBA League Pass to watch live!","yes",2901,192,192,1,"2024-06-24 23:09:03.000 Z",0.0661840744570838
"Jun 21, 2024 10:21:43 PM","SEND2 I:END_QUARTER  IO:OR EO:OR",NA,"CON 16 @ LVA 20 - END 1ST
B Jones (CON): 11 PTS, 2 REB
A Wilson (LVA): 6 PTS, 5 REB","yes",2750,144,144,1,"2024-06-24 23:09:03.000 Z",0.0523636363636364
"Jun 21, 2024 10:47:46 PM","SEND2 I:END_QUARTER  IO:OR EO:OR",NA,"CON 28 @ LVA 45 - HALF
B Jones (CON): 11 PTS, 5 REB
A Wilson (LVA): 12 PTS, 8 REB","yes",2750,163,163,1,"2024-06-24 23:09:03.000 Z",0.0592727272727273
"Jun 21, 2024 11:27:02 PM","SEND2 I:END_QUARTER  IO:OR EO:OR",NA,"CON 50 @ LVA 63 - END 3RD
B Jones (CON): 16 PTS, 7 REB
A Wilson (LVA): 22 PTS, 13 REB, 1 AST","yes",2749,94,94,1,"2024-06-24 23:09:03.000 Z",0.0341942524554383
"Jun 21, 2024 11:54:57 PM","SEND2 I:END_QUARTER  IO:OR EO:OR",NA,"CON 74 @ LVA 85 - FINAL
D Carrington (CON): 19 PTS, 6 REB
A Wilson (LVA): 26 PTS, 16 REB, 1 AST","yes",2750,16,16,1,"2024-06-24 23:09:03.000 Z",0.00581818181818182
"Jun 21, 2024 10:21:43 PM","SEND2 I:END_QUARTER  IO:OR EO:OR",NA,"CON 16 @ LVA 20 - END 1ST
B Jones (CON): 11 PTS, 2 REB
A Wilson (LVA): 6 PTS, 5 REB","yes",2750,3,3,1,"2024-06-26 09:22:53.000 Z",0.00109090909090909
"Jun 21, 2024 11:27:02 PM","SEND2 I:END_QUARTER  IO:OR EO:OR",NA,"CON 50 @ LVA 63 - END 3RD
B Jones (CON): 16 PTS, 7 REB
A Wilson (LVA): 22 PTS, 13 REB, 1 AST","yes",2749,16,16,1,"2024-06-26 09:22:53.000 Z",0.00582029829028738
"Jun 21, 2024 11:54:57 PM","SEND2 I:END_GAME  IO:OR EO:OR",NA,"CON 74 @ LVA 85 - FINAL
D Carrington (CON): 19 PTS, 6 REB
A Wilson (LVA): 26 PTS, 16 REB, 1 AST","yes",219,25,25,1,"2024-06-26 09:22:53.000 Z",0.114155251141553
"Jun 21, 2024 11:54:57 PM","SEND2 I:END_QUARTER  IO:OR EO:OR",NA,"CON 74 @ LVA 85 - FINAL
D Carrington (CON): 19 PTS, 6 REB
A Wilson (LVA): 26 PTS, 16 REB, 1 AST","yes",2750,176,176,1,"2024-06-26 09:22:53.000 Z",0.064
"Jun 23, 2024 3:03:01 PM","SEND2 I:START_GAME  IO:OR EO:OR",NA,"CON @ SEA - START
Tune in to NBC Sports Boston to watch live!","yes",2913,44,44,1,"2024-06-26 09:22:53.000 Z",0.0151047030552695
"Jun 23, 2024 3:24:55 PM","SEND2 I:END_QUARTER  IO:OR EO:OR",NA,"CON 14 @ SEA 8 - END 1ST
A Thomas (CON): 8 PTS, 6 REB, 1 AST
S Diggins-Smith (SEA): 2 PTS, 2 REB, 1 AST","yes",2763,44,44,1,"2024-06-26 09:22:53.000 Z",0.0159247195077814
"Jun 23, 2024 3:52:06 PM","SEND2 I:END_QUARTER  IO:OR EO:OR",NA,"CON 31 @ SEA 34 - HALF
A Thomas (CON): 8 PTS, 9 REB, 3 AST
J Loyd (SEA): 11 PTS, 3 REB, 1 AST","yes",2763,36,36,1,"2024-06-26 09:22:53.000 Z",0.0130293159609121
"Jun 23, 2024 4:32:30 PM","SEND2 I:END_QUARTER  IO:OR EO:OR",NA,"CON 48 @ SEA 55 - END 3RD
A Thomas (CON): 10 PTS, 11 REB, 3 AST
J Loyd (SEA): 14 PTS, 3 REB, 3 AST","yes",2765,32,32,1,"2024-06-26 09:22:53.000 Z",0.0115732368896926
"Jun 23, 2024 5:05:46 PM","SEND2 I:END_GAME  IO:OR EO:OR",NA,"CON 61 @ SEA 72 - FINAL
A Thomas (CON): 14 PTS, 14 REB, 3 AST
J Loyd (SEA): 16 PTS, 5 REB, 5 AST","yes",220,2,2,1,"2024-06-26 09:22:53.000 Z",0.00909090909090909
"Jun 23, 2024 5:05:46 PM","SEND2 I:END_QUARTER  IO:OR EO:OR",NA,"CON 61 @ SEA 72 - FINAL
A Thomas (CON): 14 PTS, 14 REB, 3 AST
J Loyd (SEA): 16 PTS, 5 REB, 5 AST","yes",2765,34,34,1,"2024-06-26 09:22:53.000 Z",0.0122965641952984
"Jun 23, 2024 3:03:01 PM","SEND2 I:START_GAME  IO:OR EO:OR",NA,"CON @ SEA - START
Tune in to NBC Sports Boston to watch live!","yes",2913,1,1,1,"2024-06-26 09:22:53.000 Z",0.000343288705801579
"Jun 23, 2024 5:05:46 PM","SEND2 I:END_QUARTER  IO:OR EO:OR",NA,"CON 61 @ SEA 72 - FINAL
A Thomas (CON): 14 PTS, 14 REB, 3 AST
J Loyd (SEA): 16 PTS, 5 REB, 5 AST","yes",2765,1,1,1,"2024-06-26 09:22:53.000 Z",0.000361663652802893
"Jul 1, 2024 10:23:20 PM","SEND2 I:END_QUARTER  IO:OR EO:OR",NA,"CON 19 @ PHO 17 - END 1ST
D Carrington (CON): 6 PTS, 3 REB
N Cloud (PHO): 5 PTS, 2 REB, 3 AST","yes",2827,1,1,1,"2024-07-03 09:03:41.000 Z",0.000353731871241599
"Jul 1, 2024 11:57:32 PM","SEND2 I:END_QUARTER  IO:OR EO:OR",NA,"CON 83 @ PHO 72 - FINAL
B Jones (CON): 18 PTS, 7 REB, 1 AST
K Copper (PHO): 21 PTS, 6 REB, 2 AST","yes",2829,34,34,1,"2024-07-03 09:03:41.000 Z",0.0120183810533758
"Jul 1, 2024 11:57:32 PM","SEND2 I:END_GAME  IO:OR EO:OR",NA,"CON 83 @ PHO 72 - FINAL
B Jones (CON): 18 PTS, 7 REB, 1 AST
K Copper (PHO): 21 PTS, 6 REB, 2 AST","yes",222,2,2,1,"2024-07-03 09:03:41.000 Z",0.00900900900900901
"Jul 4, 2024 8:02:42 PM","SEND2 I:START_GAME  IO:OR EO:OR",NA,"CON @ MIN - START
Tune in to NBC Sports Boston to watch live!","yes",3002,2,2,1,"2024-07-06 09:04:34.000 Z",0.000666222518321119
"Jul 4, 2024 8:48:59 PM","SEND2 I:END_QUARTER  IO:OR EO:OR",NA,"CON 36 @ MIN 40 - HALF
D Bonner (CON): 15 PTS, 3 REB, 1 AST
A Smith (MIN): 9 PTS, 2 REB, 1 AST","yes",2851,1,1,1,"2024-07-06 09:04:34.000 Z",0.000350754121360926
"Jul 4, 2024 9:25:02 PM","SEND2 I:END_QUARTER  IO:OR EO:OR",NA,"CON 64 @ MIN 58 - END 3RD
D Bonner (CON): 18 PTS, 5 REB, 1 AST
A Smith (MIN): 14 PTS, 4 REB, 1 AST","yes",2851,2,2,1,"2024-07-06 09:04:34.000 Z",0.000701508242721852
"Jul 4, 2024 9:57:42 PM","SEND2 I:END_GAME  IO:OR EO:OR",NA,"CON 78 @ MIN 73 - FINAL
D Bonner (CON): 24 PTS, 9 REB, 1 AST
A Smith (MIN): 14 PTS, 4 REB, 2 AST","yes",223,2,2,1,"2024-07-06 09:04:34.000 Z",0.00896860986547085
"Jul 4, 2024 9:57:42 PM","SEND2 I:END_QUARTER  IO:OR EO:OR",NA,"CON 78 @ MIN 73 - FINAL
D Bonner (CON): 24 PTS, 9 REB, 1 AST
A Smith (MIN): 14 PTS, 4 REB, 2 AST","yes",2851,12,12,1,"2024-07-06 09:04:34.000 Z",0.00420904945633111
"Aug 16, 2024 9:41:11 PM","SEND2 I:START_GAME  IO:OR EO:OR",NA,"CON @ DAL - STARTTune in to ION WNBA League Pass to watch live!","yes",3287,48,48,1,"2024-08-17 09:03:43.000 Z",0.0146029814420444
"Aug 16, 2024 10:01:04 PM","SEND2 I:END_QUARTER  IO:OR EO:OR",NA,"CON 27 @ DAL 20 - END 1STM Mabrey (CON): 10 PTS 3 REB 2 ASTS Sabally (DAL): 6 PTS 3 REB 2 AST","yes",3116,41,41,1,"2024-08-17 09:03:43.000 Z",0.0131578947368421
"Aug 16, 2024 10:29:34 PM","SEND2 I:END_QUARTER  IO:OR EO:OR",NA,"CON 50 @ DAL 38 - HALFM Mabrey (CON): 13 PTS 3 REB 3 ASTA Ogunbowale (DAL): 10 PTS 2 REB","yes",3118,21,21,1,"2024-08-17 09:03:43.000 Z",0.00673508659397049
"Aug 16, 2024 11:11:06 PM","SEND2 I:END_QUARTER  IO:OR EO:OR",NA,"CON 82 @ DAL 61 - END 3RDD Bonner (CON): 26 PTS 3 REB 3 ASTS Sabally (DAL): 17 PTS 8 REB 5 AST","yes",3119,33,33,1,"2024-08-17 09:03:43.000 Z",0.0105803142032703
"Aug 16, 2024 11:40:28 PM","SEND2 I:END_QUARTER  IO:OR EO:OR",NA,"CON 109 @ DAL 91 - FINALD Bonner (CON): 29 PTS 3 REB 4 ASTA Ogunbowale (DAL): 21 PTS 3 REB 2 AST","yes",3119,25,25,1,"2024-08-17 09:03:43.000 Z",0.00801538954793203
"Aug 16, 2024 11:11:06 PM","SEND2 I:END_QUARTER  IO:OR EO:OR",NA,"CON 82 @ DAL 61 - END 3RDD Bonner (CON): 26 PTS 3 REB 3 ASTS Sabally (DAL): 17 PTS 8 REB 5 AST","yes",3119,2,2,1,"2024-08-19 09:07:16.000 Z",0.000641231163834562
"Aug 16, 2024 11:40:28 PM","SEND2 I:END_QUARTER  IO:OR EO:OR",NA,"CON 109 @ DAL 91 - FINALD Bonner (CON): 29 PTS 3 REB 4 ASTA Ogunbowale (DAL): 21 PTS 3 REB 2 AST","yes",3119,3,3,1,"2024-08-19 09:07:16.000 Z",0.000961846745751844
"Aug 18, 2024 3:03:16 PM","SEND2 I:START_GAME  IO:OR EO:OR",NA,"CON @ ATL - STARTTune in to NBC Sports Boston to watch live!","yes",3297,67,67,1,"2024-08-19 09:07:16.000 Z",0.0203215043979375
"Aug 18, 2024 3:26:03 PM","SEND2 I:END_QUARTER  IO:OR EO:OR",NA,"CON 15 @ ATL 19 - END 1STB Jones (CON): 4 PTS 4 REBT Charles (ATL): 6 PTS 5 REB 1 AST","yes",3124,38,38,1,"2024-08-19 09:07:16.000 Z",0.0121638924455826
"Aug 18, 2024 3:57:56 PM","SEND2 I:END_QUARTER  IO:OR EO:OR",NA,"CON 34 @ ATL 38 - HALFM Mabrey (CON): 8 PTS 4 REBT Charles (ATL): 11 PTS 6 REB 1 AST","yes",3124,47,47,1,"2024-08-19 09:07:16.000 Z",0.015044814340589
"Aug 18, 2024 4:38:24 PM","SEND2 I:END_QUARTER  IO:OR EO:OR",NA,"CON 52 @ ATL 59 - END 3RDB Jones (CON): 12 PTS 8 REB 1 ASTT Charles (ATL): 16 PTS 9 REB 1 AST","yes",3124,54,54,1,"2024-08-19 09:07:16.000 Z",0.0172855313700384
"Aug 18, 2024 5:15:18 PM","SEND2 I:END_QUARTER  IO:OR EO:OR",NA,"CON 70 @ ATL 82 - FINALA Thomas (CON): 13 PTS 8 REB 6 ASTT Charles (ATL): 22 PTS 15 REB 1 AST","yes",3123,39,39,1,"2024-08-19 09:07:16.000 Z",0.0124879923150817
"Aug 18, 2024 5:15:18 PM","SEND2 I:END_GAME  IO:OR EO:OR",NA,"CON 70 @ ATL 82 - FINALA Thomas (CON): 13 PTS 8 REB 6 ASTT Charles (ATL): 22 PTS 15 REB 1 AST","yes",238,4,4,1,"2024-08-19 09:07:16.000 Z",0.0168067226890756
